"* Required Fields","* Erforderliche Felder"
"-- No Status Change --","-- Keine Statusänderung --"
"3D Secure","3D Secure"
"3D Secure Authentication","3D Secure Authentifikation"
"3D Secure failed","3D Secure ist fehlgeschlagen."
"3D Secure sucess","3D Secure erfolgreich"
"<span class=""card-expiry-format-note"">The expected format is '!format' where the 'MM' means the month number and 'YY' the year number.</span>","<span class=""card-expiry-format-note"">Das Ablaufdatumsformat ist '!format', wobei 'MM' für den Monat steht und 'YY' für das Jahr.</span>"
"A authorized transaction cannot be authorized again.","Eine autorisierte Transaktion kann nicht noch einmal autorisiert werden."
"A authorized transaction cannot be marked as failed.","Eine autorisierte Transaktion kann nicht als fehlgeschlagen markiert werden."
"A cancelled transaction cannot be authorized.","Eine stornierte Transaktion kann nicht autorisiert werden."
"A cancelled transaction cannot be cancelled again.","Eine stornierte Transaktion kann nicht noch einmal storniert werden."
"A cancelled transaction cannot be captured.","Eine stornierte Transaktion kann nicht verbucht werden."
"A cancelled transaction cannot be marked as failed.","Eine stornierte Transaktion kann nicht als fehlgeschlagen markiert werden."
"A cancelled transaction cannot be refunded.","Eine stornierte Transaktion kann nicht gutgeschrieben werden."
"A captured transaction cannot be authorized.","Eine gebuchte Transaktion kann nicht autorisiert werden."
"A captured transaction cannot be cancelled.","Eine gebuchte Transaktion kann nicht storniert werden."
"A captured transaction cannot be marked as failed.","Eine verbuchte Transaktion kann nicht als fehlgeschlagen markiert werden."
"A failed authorization cannot be authorized.","Eine fehlgeschlagene Transaktion kann nicht autorisiert werden."
"A payment method may not available for customers from different counties. You can decide when this availability check should happen. We recommend to set it during authorization","Manche Zahlungsmethoden sind für gewisse Länder nicht erlaubt. Hier können Sie definieren zu welchem Zeitpunkt der Verfügbarkeits-Check durchgeführt werden soll. Wir empfehlen 'Während der Autorisierung'."
"A refund was added over !amount.","Eine Gutschrift über '!amount' wurde hinzugefügt."
"A transaction may be uncertain, when the payment is not guaranteed. For example in case the credit card does not participate in the 3D procedure.","Eine Transaktion kann unsicher sein wenn die Bezahlung nicht garantiert ist. Zum Beispiel wenn die Kreditkarte nicht Teil des 3D Secure Prozesses ist."
"A typical pattern of a fraud transaction is a series of refused transaction before one of them is accepted. This setting defines the threshold after any following transaction is marked as uncertain. E.g. a threshold of three will mark any successful transaction after three refused transaction as uncertain.","Ein typisches Muster von Betrugstransaktionen ist eine Serie von abgelehnten Transaktionen bevor eine von ihnen akzeptiert wird. Diese Einstellung legt den Schwellenwert fest, nach dem jede weiter Transaktion als unsicher markiert wird. Zum Beispiel wird ein Schwellenwert von drei nach der dritten erfolglosen Transaktion jede weitere als unsicher markieren."
"API Password","API Passwort"
"API Username","API UserID"
"About","Über"
"Acceptance","Akzeptanz"
"Account Holder Name","Kontoinhaber"
"Account owner name.","Kontoinhaber"
"Action","Aktion"
"Actions","Aktionen"
"Activate","Aktiv"
"Active","Aktiv"
"Add new","Neu hinzufügen"
"Additional Information","Zusätzliche Informationen"
"Adjust Qty","Anzahl anpassen"
"Adjustment Discount","Korrektur-Ermässigung"
"Adjustment Fee","Bearbeitungsgebühr"
"After payment selection","Nach der Wahl der Zahlungsmethode"
"AfterPay","AfterPay"
"Ajax authorization not supported.","Ajax-Autorisierung wird nicht unterstützt."
"Alias","Alias"
"Alias For Display","Beispiel-Alias"
"Alias Gateway","Alias Gateway"
"Alias Manager","Alias Manager"
"Alias Token","Alias Token"
"Alias manager","Alias Manager"
"All Customers","Alle Kunden"
"All country codes must match.","Alle Ländercodes müssen übereinstimmen."
"Allowed Currencies","Erlaubte Währungen"
"Allowed currencies for this payment method","Erlaubte Währungen für diese Zahlungsmethode"
"Already registered?","Bereits registriert?"
"Always Checkout as Guest","Immer als Gast auschecken"
"American Express","American Express"
"Amount","Betrag"
"Amount Incl. Tax","Betrag inkl. Steuern"
"An expiry month must be selected.","Ein Ablaufmonat muss ausgewählt sein"
"An expiry year must be selected.","Ein Ablaufjahr muss angewählt sein"
"Are you a German merchant?","Sind Sie ein deutscher Händler?"
"Are you sure you want to cancel this order?","Sind Sie sicher, dass Sie diese Bestellung stornieren möchten?"
"Austria (AT)","Österreich (AT)"
"Author","Autor"
"Authorization Amount","Autorisierungsbetrag"
"Authorization Failed","Autorisierung fehlgeschlagen"
"Authorization Method","Autorisierungsmethode"
"Authorization is uncertain.","Autorisierung ist unsicher"
"Authorization refused","Autorisierung abgelehnt"
"Authorized Status","Autorisationsstatus"
"Await Notification","Benachrichtigung abwarten"
"Awaiting confirmation","Warten auf die Bestätigung"
"BIC","BIC"
"Background Color","Hintergrundfarbe"
"Bad signature format.","Das Format der Signatur ist fehlerhaft"
"Bank Location","Bank Standort"
"Bank Name","Name der Bank"
"Bank account number","Bankkonto"
"Bank code number","Bankcodenummer"
"Before payment selection","Vor der Wahl der Zahlungsmethode"
"Belgium (BE)","Belgien (BE)"
"BillPay","BillPay"
"Billing Address","Rechnungsadresse"
"Billing Information","Rechnungsinformationen"
"Billing address","Billing address"
"Billpay","BillPay"
"Brand","Marke"
"Brand Country","Ländercode der Karte"
"Brand Name","Markenname"
"Brand and card number do not match.","Kartentyp und Kartennummer stimmen nicht überein"
"Button Background Color","Hintergrundfarbe Button"
"Button Text Color","Textfarbe Button"
"By setting the capturing the reservation can be captured directly after the order or later manually over the backend of the store.","Mit den Einstellungen zur Verbuchung kann eine Reservierung entweder direkt nach der Bestellung oder nachträglich im Backend des Shops verbucht werden."
"CVC Code","CVC Code"
"Cancel","Stornieren"
"Cancel ID","Stornierungs ID"
"Cancel pending orders when out of stock","Ausstehende Bestellungen stornieren, wenn der Artikel nicht mehr an Lager ist."
"Cancel status","Stornierungsstatus"
"Canceled OgoneCw","Abbrechen OgoneCw"
"Canceling of this payment not possible!","Stornieren dieser Zahlung ist nicht möglich!"
"Cancelled Status","Status für abgebrochene Bestellungen"
"Cannot update item quantity.","Die Artikelanzahl kann nicht aktualisiert werden."
"Capture (Don't Close)","Verbuchung (Nicht schliessen)"
"Capture Amount","Buchungsbetrag"
"Capture ID","Buchungs ID"
"Capture amount","Verbuchungsbetrag"
"Capture information","Buchungs Informationen"
"Capture status","Verbuchungsstatus"
"Captured Amount","Verbuchter Betrag"
"Captured Status","Verbuchungsstatus"
"Captures","Verbuchungen"
"Captures & Refunds","Verbuchungen & Gutschriften"
"Capturing","Verbuchung"
"Card Expiration","Kartenablaufdatum"
"Card Expiry Date","Ablaufdatum der Karte"
"Card Holder Name","Karteninhaber"
"Card IP address country does not match with the billing country.","Das Land der IP Adresse der Karte stimmt nicht mit dem Rechungsland überein."
"Card Number","Kartennummer"
"Card issue country was on the black list and hence the transaction is marked as uncertain.","Das Ausstellugnsland der Karte ist auf der schwarzen Liste und wird als unsicher markiert."
"Card issue country was on the white list and hence the transaction is marked as uncertain.","Das Ausstellungsland der Karte ist auf der weissen Liste und wird als unsicher markiert."
"Card issuer country does not match with the IP address country.","Das Ausstellungsland entspricht nicht dem Land der IP Adresse."
"Card issuer country does not match with the billing country.","Das Ausstellungsland stimmt nicht mit dem Rechungsland überein."
"Carrier Title","Carrier Title"
"Carte Bleue","Carte Bleue"
"Check out faster","Schnelleres Bestellen"
"Check to activate the external checkout.","Markieren Sie dieses Feld um den externen Checkout zu aktivieren."
"Checkout","Checkout"
"Checkout as Guest","Als Gast zur Kasse gehen"
"Checkout as a Guest or Register","Als Gast zur Kasse gehen oder ein Kundenkonto erstellen"
"Checkout as a new customer","Als Neukunde bestellen"
"Checkout using your account","Über Ihr Benutzerkonto bestellen"
"Checkout with MasterPass.","Bezahlen mit MasterPass."
"Choose settlement after order in case you want an invoice to be created with your oder. The state of the invoice will set according to your capture status.","Wählen Sie 'Erstellung nach Bestellung' falls Sie möchten, dass eine Rechung zu Ihrer Bestellung generiert wird. Der status der Rechnung wird anhand Ihres Buchungs Status gesetzt."
"Company Commercial Number","Handelsregisternummer der Firma"
"Confirm Password","Passwort bestätigen"
"Continue","Fortfahren"
"Copy the SHA-IN signature in the module and in the back-end of Ogone under the menu Technical Information > Origin Verification.","Kopieren Sie die SHA-IN Signatur im Modul und im Backend von Ogone ein unter Technische Informationen > Ursprungsüberprüfung."
"Copy the SHA-OUT signature in the module and in the back-end of Ogone under and Technical Information > Transaction Feedback.","Kopieren Sie die SHA-OUT Signatur im Modul und im Backend von Ogone unter und im Technische Informationen > Transaktionsfeedback rein."
"Could not convert object of type '!type' to string.","Konvertierung eines Objektes vom Typ '!type' ist fehlgeschlagen."
"Could not find a brand for the given card number.","Es konnte keinen Brand für die gegebene Karte gefunden werden."
"Could not find pressed button.","Der Button konnte nicht gefunden werden"
"Could not find template file at default location '!location'.","Konnte kein Template auf dem Standard Pfad unter '!location' finden."
"Could not find the payment method !paymentMethodName.","Zahlungsmethode '!paymentMethodName' konnte nicht gefunden werden."
"Could not load layout from URL !url. Reason: !reason","Das Layout konnte nicht von !url geladen werden. Grund: !reason"
"Country Check","Länder Check"
"Create Account","Benutzerkonto erstellen"
"Create New Order - Payment","Neue Bestellung erstellen - Zahlung"
"Create a recurring payment, with an existing alias is not supported","Mit einem existierenden Alias ist die Erstellung einer wiederkehrenden Zahlung nicht möglich."
"Create the SHA signatures (SHA-IN and SHA-OUT) with the !linkStart SHA signatures generator !linkEnd.","Erzeugen Sie die SHA Singaturen (SHA IN & SHA-OUT) mittels !linkStart SHA Signaturen Generator !linkEnd."
"Creating an account has many benefits:","Die Erstellung eines Benutzerkontos bringt viele Vorteile mit sich:"
"Creation Date","Erstellungsdatum"
"Credit Card Brands","Kreditkartenbrand"
"Credit Memo History","Gutschrifthistorie"
"Credit Memo Totals","Gutschrift Total"
"Credit memo's total must be positive.","Der Gesamtbetrag der Gutschrift muss positiv sein."
"Currency","Währung"
"Current Configuration Scope:","Scope der Konfiguration:"
"Customer Account","Kundenkonto"
"Customer Alias Management","Kunden Alias Management"
"Customer failed to pay","Der Kunde hat nicht bezahlt"
"Customer successfully returned from OgoneCw","Kunde ist erfolgreich von OgoneCw zurückgekehrt"
"Customer successfully returned from Ogone","Der Kunde ist erfolgreich von der OgoneCw Payment Page zurückgekehrt."
"Customer sucessfully returned from the OgoneCw payment page.","Der Kunde ist erfolgreich von der OgoneCw Payment Page zurückgekehrt."
"Customers","Kunden"
"Customweb","Customweb"
"Date","Datum"
"Date of Birth","Geburtsdatum"
"Day","Tag"
"Deactivate","Deaktivieren"
"Dear customer we have received your billing and shipping information. In order to finish your order please create an account below or checkout as guest.","Sehr geehrter Kunde wir haben Ihre Rechnungs- und Lieferinformationen erhalten. Um Ihre Bestellung abschliessen zu können, bitten wir Sie ein Account zu erstellen oder sich als Gast anzumelden."
"Dear customer, it appears to us that your payment was successful, but we are still waiting for confirmation. You can wait on this page and we will redirect you after we received the confirmation. Or you can close this window and we will send out an order confirmation email.","Sehr geehrter Kunde, es scheint, dass Ihre Zahlung erfolgreich war, aber wir warten immer noch auf eine Bestätigung. Sie können auf dieser Seite warten, und wir leiten Sie weiter nachdem wir die Bestätigung erhalten haben. Oder Sie können dieses Fenster schliessen und wir senden Ihnen eine Auftragsbestätigung später per Email."
"Default Config","Standard Konfiguration"
"Default Values","Standardwerte"
"Deferred","Verzögert"
"Deferred (authorization)","Verzögert (Autorisierung)"
"Deferred capturing","Verzögerte Buchung"
"Deferred settlement","Verzögerte Erstellung"
"Define a maximal order total for this checkout to be available.","Definieren Sie einen Maximalbestellwert für den Checkout."
"Define a minimal order total for this checkout to be available.","Definieren Sie einen Mindestbestellwert, der erreicht werden muss um den Checkout verfügbar zu machen."
"Define here the title which is shown on the payment page. If no title is defined here the default one is used.","Define here the title which is shown on the payment page. If no title is defined here the default one is used."
"Delayed","Verzögert"
"Delete","Löschen"
"Delivery address","Delivery address"
"Denmark (DK)","Dänemark (DK)"
"Description","Beschreibung"
"Diners Club","Diners Club"
"Direct Debits","Lastschrift"
"Direct E-Banking","Sofortüberweisung"
"Direct Link","Direct Link"
"Direct capture after order","Direkte Buchung nach der Bestellung"
"Directly after order","Direkte Buchung nach der Bestellung"
"Directly after order (sale)","Direkte Buchung nach der Bestellung"
"Disabled","Deaktiviert"
"Discount","Rabatt"
"Discount Amount","Rabattbetrag"
"Discover Card","Discovercard"
"Do never mark the transaction as uncertain, except those from countries listed below.","Markiere niemals eine Transaktion als unsicher, es sei denn sie stammt aus einem der unten aufgelisteten Länder."
"Don't change order status","Bestellstatus nicht verändern."
"Don't change the layout of the payment page","Layout der Zahlungsseite nicht ändern"
"Don't use template (standard Ogone)","Kein Template verwenden (Standard Ogone)"
"During authorization","Während der Autorisation"
"Dynamic Template","Dynamic Template"
"Edit","Bearbeiten"
"Edit Invoice %s","Rechnung bearbeiten %s"
"Email Address","E-Mail Adresse"
"Empty version number field name","Leerer Versionsnummer-Feldname"
"Enable or disable logging.","Erfassung aktivieren oder deaktivieren."
"Enable the desired payment methods.","Aktivieren Sie die gewünschten Zahlungsarten."
"Enable the payment method","Diese Zahlungsmethode aktivieren"
"Enabled","Aktiviert"
"Enter the PSPID for the test and live (if available) mode.","Tragen Sie die PSPID für den Test und Live (sobald vorhanden) Modus ein."
"Enter the PSPID of Ogone.","Tragen Sie die PSPIDvon Ogone ein."
"Enter the URLs in the PSP Technical Information > Transaction Feedback. Make sure that the feedback is set to &quot;Online but switch to a deferred request when the online requests fail&quot;.","Tragen Sie die URLs beim PSP unter Technische Informationen > Transaktionsfeedback ein. Stellen Sie sicher, dass das Feedback auf “Online, aber Wechsel zu zeitlich versetzte Anfrage (deferred Request), wenn die Online-Anfrage fehlschlägt”."
"Enter the date on which your card expires.","Geben Sie das Ablaufdatum der Karte ein."
"Enter the live SHA-IN passphrase. This value must be identical to the one in the back-end of Ogone.","Geben Sie das live SHA-IN Passwort ein. Dieser Wert muss mit dem im Backend von Ogone übereinstimmen."
"Enter the live SHA-OUT passphrase. This value must be identical to the one in the back-end of Ogone.","Geben Sie das live SHA-OUT Passwort ein. Dieser Wert muss mit dem im Backend von Ogone übereinstimmen."
"Enter the test PSPID of Ogone.","Tragen Sie die PSPIDvon Ogone ein."
"Enter the test SHA-IN passphrase. This value must be identical to the one in the back-end of Ogone.","Geben Sie das test SHA-OUT Passwort ein. Dieser Wert muss mit dem im Backend von Ogone übereinstimmen."
"Enter the test SHA-OUT passphrase. This value must be identical to the one in the back-end of Ogone.","Geben Sie das test SHA-OUT Passwort ein. Dieser Wert muss mit dem im Backend von Ogone übereinstimmen."
"Equens (Direct Debits NL)","Equens (Direct Debits NL)"
"Error with the length of the validation date.","Bitte kontrollieren Sie das Gültigkeitsdatum."
"Excl. Tax","Exkl. Steuern"
"Expiry date contains non-numeric data.","Das Ablaufdatum enthält nicht-numerische Angaben"
"Expiry date is in wrong format.","Das Ablaufdatum hat ein ungültiges Format"
"Expiry date must be in the future.","Das Ablaufdatum muss in der Zukunft liegen"
"External Checkout","Externer Checkout"
"External Checkout: Guest Checkout","External Checkout: Gast Checkout"
"Failed","Fehlgeschlagen"
"Failed payment authorization.","Die Autorisierung ist fehlgeschlagen."
"Failure during cancellation of the transaction. (Cancellation reason: Customer did not pay","Fehler beim Transaktionsabbruch. (Grund für den Abbruch: Der Kunde hat nicht bezahlt)"
"Failure during capturing of the transaction. Check the ____paymentServiceProvider____ backend for the current state of the transaction.","Fehler während der Verbuchung der Transaktion. Bitte überprüfen Sie den aktuellen Status der Transaktion im  ____paymentServiceProvider____ Backend."
"Female","Weiblich"
"Figure !number:","Abbildung !number:"
"Finland (FI)","Finnland (FI)"
"Font Family","Schriftart"
"For a maintenance request a payment id must be set on the transaction.","Für eine Wartungsanfrage muss eine Zahlungs-ID für die Transaktion definiert sein."
"Forgot Your Password?","Haben Sie Ihr Passwort vergessen?"
"Forgot your password?","Passwort vergessen?"
"France (FR)","Frankreich (FR)"
"Gender","Geschlecht"
"Germany","Deutschland"
"Germany (DE)","Deutschland"
"Germany (no code)","Deutschland (Kein Code)"
"Get Update","Aktualisieren"
"Great Britain (GB)","Grossbritannien (GB)"
"Green","Grün"
"HTTP Status Changes URL","URL für HTTP Status Updates"
"HTTP Status for Refused Payments","HTTP Status für abgewiesene Zahlungen"
"HTTP Status for Successful Payments","HTTP Status für erfolgreiche Zahlungen"
"Hash calculation method","Hash Berechnungsmethode"
"Here you can define a Shop ID. This is only necessary if you wish to operate several shops with one PSPID. In order to use this module, an additional module is required.","Hier können Sie die Shop ID festlegen. Dies ist nur notwendig, wenn Sie mehrere Shops mit einer PSP ID steuern möchten. Um diese Option zu nutzen, ist ein zusätzliches Modul notwendig."
"Here you can insert an order prefix. The prefix allows you to change the order number that is transmitted to Authorize.net. The prefix must contain the tag {id}. It will then be replaced by the order number (e.g. name_{id}).","Hier können Sie einen Bestellpräfix eingeben. Der Präfix erlaubt es Ihnen, die Bestellnummer, die an Ogone übermittelt wird, zu verändern. Der Präfix muss den Tag {id} enthalten. Dieser wird anschliessend durch die Bestellnummer ersetzt (z.B. name_{id})."
"Here you can insert an order prefix. The prefix allows you to change the order number that is transmitted to Ogone . The prefix must contain the tag {id}. It will then be replaced by the order number (e.g. name_{id}).","Hier können Sie einen Bestellpräfix eingeben. Der Präfix erlaubt es Ihnen, die Bestellnummer, die an Ogone übermittelt wird, zu verändern. Der Präfix muss den Tag {id} enthalten. Dieser wird anschliessend durch die Bestellnummer ersetzt (z.B. name_{id})."
"Hide","Verbergen"
"Horizontally grouped logos with no group names","Horizontal gruppierte Logos ohne Namen"
"Horizontally grouped logos with the name on the left side","Horizontal gruppierte Logos mit Namen auf der linken Seite."
"IBAN","IBAN"
"IBAN number","Bankkonto"
"IP country and billing country code must match.","Der IP Ländercode und der Code der Rechnungsadresse müssen übereinstimmen."
"IP country code and issuer country code must match.","Der IP Ländercode und der Ausstellungsländercode müssen übereinstimmen."
"If a product is in stock only once and the payment of the customer ordering this product fails or is aborted, it won't be available until the order is canceled (see timeout option below). Enable this setting to cancel the customer's pending orders when he returns to the cart page and a product is not available anymore.","Sofern nur noch ein Produkt an Lager ist und die Bezahlung des Kunden (der genau dieses Produkt kauft) fehlschlägt, wird das Produkt solange reserviert bis die Bestellung annuliert wird (vgl. Timeout Option). Aktivieren Sie diese Option, falls Sie NICHT möchten, dass das Produkt reserviert wird. Die Bestellung wird dann bei fehlgeschlagener oder abgebrochener Zahlung sofort annuliert."
"If a product is in stock only once and the payment of the customer ordering this product fails or is aborted, it won't be available until the order is canceled (see timeout option below). Enable this setting to cancel the customer's pending orders when he returns to the cart page and a product is not available anymore. Be careful though: If you enable this option, there is a chance that payments are made with the corresponding order being already canceled.","Der Artikel wird während der Zeit, wenn ein Kunde im Checkout ist reserverit. Aktivieren Sie diese Option, damit der Bestand bei fehlgeschlagenen Zahlungen direkt wieder freigegeben wird. Ansonsten erfolgt die Freigabe erst, wenn der Cron Job die ausstehenden Bestellungen cancelled."
"If it is not applicable leave the field empty.","Falls nicht zutreffend, lassen Sie dieses Feld leer."
"If the Alias Manager is used, the intended purpose is shown to the customer on the payment page. Through this the customer knows why his data is saved.","Wenn der Alias Manager benutzt wird, wird der Verwendungszweck dem Kunden auf der Payment Page angezeigt. So erfährt der Kunde, warum seine Daten gespeichert werden."
"If the status is 'Pending' it is unclear whether the transaction will be cancelled successfully.","Wenn der Status 'Ausstehend' ist, dann ist unklar ob die Transaktion erfolgreich storniert wurde."
"If the status is 'Pending' it is unclear whether the transaction will be captured successfully.","Wenn der Status 'Ausstehend' ist, dann ist unklar ob die Verbuchung erfolgreich war."
"If the status is 'Pending' it is unclear whether the transaction will be refunded successfully.","Wenn der Status 'Ausstehend' ist, dann ist es unklar, ob die Gutschrift erfolgreich war."
"If the test mode is selected the test PSPID is used and the test SHA passphrases.","Im Test-Modus werden automatisch die Test PSPID und die Test SHA-Passwörter benutzt"
"If the test mode is selected the test account is used. Otherwise the configured account is used.","Dieser Account wird benutzt, wenn der Testmodus ausgewählt ist. Andernfalls wird der konfigurierte Account benutzt."
"If you have any issues with the module please feel free to contact us. See our <a href='https://www.sellxed.com/en/support' target='_blank'>support page</a> for more information.","Zögern Sie nicht, uns zu kontaktieren falls Sie ein Problem mit dem Modul haben. Auf unserer <a href='https://www.sellxed.com/de/support' target='_blank'>Support Seite</a> finden Sie weitere Informationen."
"If you select this checkbox, the payment will be captured at the PSP and you can not add additional captures.","Wenn Sie die Checkbox anklicken wird die Bestellung beim PSP verbucht. Es können keine weiteren Captures erstellt werden."
"If you would like to use recurring payments, you need our magento module ""Customweb Subscription"". For further information go to <a href=""http://www.sellxed.com/shop/"" target=""_blank"">sellxed.com</a>.","Falls Sie Recurring Payments anbieten möchten, brauchen Sie das Magnet Modul ""Customweb Subscription"". Weitere Informationen finden Sie unter <a href=""http://www.sellxed.com/shop/"" target=""_blank"">sellxed.com</a>."
"Image Brand Selection","Auswahl des Kartenlogos"
"In case hidden authorization is used, the brand of the credit card is detected by the card number and the card number is validated accordingly. This setting enables the restriction of the allowed brands.","Falls Hidden Authorization benutzt wird, wird der Kreditkartenanbieter anhand der Kartennummer ermittelt und die Nummer wird entsprechend validiert. Diese Einstellung erlaubt es Ihnen auch, die akzeptierten Anbieter einzuschränken."
"In case the payment page is used with this payment method the different credit card brands are listed on the payment page of Ogone. This setting controlls the display of them.","Falls die Payment Page mit dieser Zahlungsmethode benutzt wird, werden die verschiedenen Kreditkartenanbieter auf der Payment Page von Ogone angezeigt. Diese Einstellung erlaubt es Ihnene, die angezeigten Anbieter zu bestimmen."
"In some cases it may take a few seconds until the transaction is successfully authorized. When this option is enabled, the notification is awaited.","Es kann in einigen Fällen ein paar Sekunden dauern bis die Transaktion erfolgreich genehmigt wird. Wenn diese Option aktiviert ist, wird die Benachrichtigung erwartet."
"In some cases the transaction requires a few seconds until it is successfully authorized. When this option is enabled the user is hold until the transaction reach the final state. If this is not the case in 30 seconds a message is shown to the customer, which explains the situation.","Es dauert teilweise etwas bis wir vom PSP die Nachricht der Zahlung erhalten. Das aktivieren dieser Option führt dazu, dass der Kunde im Checkout verzögert wird, bis die Notifikation vom PSP eintrifft."
"Inactive","Inaktiv"
"Incl. Tax","Inkl. Tax"
"Information","Information"
"Ingenico (Direct Debits AT)","Ingenico (Direct Debits AT)"
"Intended purpose of alias","Alias Verwendungszweck"
"Invalid CVC format.","Ungültiges CVC Format"
"Invalid expiry month.","Ungültiger Ablaufmonat"
"Invalid login or password.","Ungültiges Login oder Passwort."
"Invoice Items","Rechungsartikel"
"Invoice Settlement","Verbuchung der Rechnung"
"Invoice Totals","Rechnungstotal"
"Invoice settlement","Rechungserstellung"
"Invoice was created successfully","Die Rechnung wurde erfolgreich erstellt"
"Invoices","Rechungen"
"Issue Number","Ausgabekartennummer"
"Issuer country code and billing country code.","Ländercode des Ausstellungslands und des Rechnungslandes."
"It is not possible to checkout in your country.","Es ist in Ihrem Land nicht möglich zu bezahlen."
"Italy (IT)","Italien(IT)"
"Item","Artikel"
"Items","Artikel"
"Items Refunded","Artikel zurückerstattet"
"JCB","JCB"
"Klarna","Klarna"
"Learn More","Erfahren Sie mehr"
"Live HMAC Key","Live HMAC Key"
"Live Identifier (PBX_IDENTIFIANT)","Live Identifier (PBX_IDENTIFIANT)"
"Live Mode","Live Modus"
"Live PSPID","Live PSPID"
"Live Password","Live Passwort"
"Live Rang (PBX_RANG)","Live Rang"
"Live Site ID (PBX_SITE)","Live Site ID (PBX_SITE)"
"Logging","Logging"
"Login","Login"
"Login & Register","Login & Registrieren"
"Login and password are required.","Login und Passwort sind erforderlich."
"Logo","Logo"
"Maestro","Maestro"
"Maestro UK","Maestro UK"
"Mail Order / Telephone Order (MoTo)","Mail Order / Telephone Order (MoTo)"
"Mail order/telephone order authorization","Autorisierung von eMail-/Telefonbestellungen"
"Make sure that the request method is set to POST.","Stellen Sie sicher, dass die Anfragemethode auf POST gestellt ist."
"Male","Männlich"
"Manage Stores","Shops verwalten"
"Manage Ogone Aliases","Ogone Aliasse verwalten"
"Mark all transactions as uncertain, except those from countries listed below.","Markiere alle Transaktionen als unsicher, mit Ausnahme von Transaktionen aus den unten aufgelisteten Ländern."
"MasterCard","MasterCard"
"MasterPass","MasterPass"
"MasterPass: Order Confirmation","MasterPass: Bestellungsbestätigung"
"Maximum Order Total","Maximales Bestelltotal"
"Merchant Origin","Merchant Herkunft"
"Merchant Reference","Händler Referenz"
"Message","Nachricht"
"Method Title","Titel der Zahlungsmethode"
"Minimum Order Total","Minimales Bestelltotal"
"Mobile Template","Mobile Template"
"Mobile Template URL","Mobile Template URL"
"Month","Monat"
"More failed transaction as the configured threshold of failed transactions.","Die Transaktionsversuche haben die erlaubte Anzahl an Versuchen überschritten."
"My Ogone Aliases","Meine Ogone Aliasse"
"Netherlands (NL)","Niederlande (NL)"
"New Order","Neue Bestellung"
"New Order Status","Neuer Bestellstatus"
"New card","Neue Karte"
"Next Update Execution Date","Nächstes Ausführungsdatum für Updates"
"No","Nein"
"No API password was provided.","Es wurde kein API Passwort angegeben"
"No API username was provided.","Kein API Username wurde angegeben"
"No IBAN provided.","Es wurde keine IBAN angegeben."
"No Items","Keine Artikel"
"No PSPID was provided.","Keine PSP ID angegeben."
"No additional payment information available.","Keine zusätzliche Zahlungsinformationen verfügbar"
"No authorization method found for payment method !method.","Es konnte keine Autorisierungsmethode für die Zahlmethode '!method' gefunden werden."
"No button returned.","Kein Knopf erhalten."
"No day set in the date of birth field.","Beim Geburtdatum wurde kein Tag angegeben."
"No month set in the date of birth field.","Beim Geburtdatum wurde kein Monat angegeben."
"No refund possible.","Keine Rückvergütung möglich"
"No shipping method needed.","Keine Versandmethode benötigt."
"No year set in the date of birth field.","Beim Geburtdatum wurde kein Jahr angegeben."
"No, use the dropdown.","Dropdown-Menü benutzen"
"Non 3D Secure Behavior","3D Secure Einstellungen"
"Non 3D Secure Behavior Country List","Liste der Länder für die Bestellungen ohne 3D Secure zugelassen werden"
"None","Keine"
"Norway (NO)","Norwegen (NO)"
"Not Germany","Nicht Deutschland"
"Notification URL","Notification URL"
"Only an authorized transaction can be marked as finally declined.","Nur autorisierte Transaktionen können als endgültig abgelehnt markiert werden."
"Only an uncertain transaction can be marked as finally declined.","Nur unsichere Transaktionen können als endgültig abgelehnt markiert werden."
"Only authorized transaction can be cancelled.","Nur autorisierte Transaktionen können storniert werden."
"Only authorized transaction can be captured.","Nur autorisierte Transaktionen können verbucht werden."
"Only authorized transaction can be refunded.","Nur autorsierte Transaktionen können gutgeschrieben werden."
"Only captured transaction can be refunded.","Nur gebuchte Transaktionen können gutgeschrieben werden."
"Only on captured transaction the flag customer refusing to pay can be set.","Nur bei bereits verbuchten Transaktionen kann ein Flag zur Markierung von Kunden, die nicht bezahlt haben, gesetzt werden."
"Operation Mode","Betriebsmodus"
"Operation failed because of error code '@code'.","Der Vorgang ist fehlgeschlagen. Fehlercode: @code."
"Operation is not allowed.","Der Vorgang ist nicht erlaubt"
"Operation is not supported.","Vorgang nicht unterstützt"
"Operation is not supported. For this transaction id, an alias already exists.","Die Aktion wird nicht unterstützt. Für diese Transaktions-ID besteht bereits ein Alias."
"Orange","Orange"
"Order #","Bestellnummer"
"Order Description","Beschreibung"
"Order Grand Total","Gesamtsumme der Bestellung"
"Order Information","Bestellungsinformation"
"Order Prefix","Bestell-Präfix"
"Order Review","Bestellungsüberprüfung"
"Order Summary","Bestellzusammenfassung"
"Order Total","Bestelltotal"
"Order cancelled, because the customer was too long in the payment process of Ogone.","Bestellung wurde abgebrochen, da der Kunde sich zu lange im Zahlungsprozess von Ogone befand."
"Order is stored, but not finally authorized or captured.","Bestellung wurde gespeichert jedoch noch nicht vollständig autorisiert oder verbucht."
"Order prefix","Bestellungs-Präfix"
"Order was placed using %s","Order was placed using %s"
"Orders","Bestellungen"
"Orders with with payments that are longer pending than the specified timeout in minutes are cancelled automatically.","Bestellungen, deren Zahlungen länger ausstehend bleiben als das definierte Timeout in Minuten, werden automatisch abgebrochen. Um dieses Feature benutzen zu können, müssen Sie Magento Cron aufsetzen."
"PSPID Config","PSP ID Konfiguration"
"Paid Amount","Bezahlter Betrag"
"Partial refund not possible. You may retry with the total transaction amount.","Teilrückzahlung nicht möglich. Die Summe ist grösser als der verbuchte Gesamtbetrag."
"Password","Passwort"
"Password and password confirmation are not equal.","""Passwort"" und ""Passwort bestätigen"" stimmen nicht überein."
"Password for the API user.","Das Passwort für den API Benutzer."
"Pay with ____paymentMethodName____","Zahlen mit ____paymentMethodName____"
"Payment","Zahlung"
"Payment ID","Zahlungs-ID"
"Payment Id","Payment ID"
"Payment Information","Zahlungsinformationen"
"Payment Method","Zahlungsmethode"
"Payment Method Listing","Liste der Zahlungsmethoden"
"Payment Page Title","Payment Page Title"
"Payment captured successfully.","Die Zahlung wurde erfolgreich vebucht."
"Payment could not be authorized. Cancelling order. Reason :","Die Zahlung konnte nicht autorisiert werden. Bestellung wird abgebrochen. Grund:"
"Payment details can be entered after placing the order","DIe Zahlungsinformationen können eingegeben werden, nachdem die Bestellung bestätigt wurde."
"Payment from Applicable Countries","Zahlung von zutreffenden Ländern"
"Payment from Specific Countries","Zahlung von spezifischen Ländern"
"Payment from applicable countries","Zahlung von zutreffenden Ländern"
"Payment from specific countries","Zahlung von spezifischen Ländern"
"Payment is pending at OgoneCw","Zahlung ist bei OgoneCw ausstehend"
"Payment method description","Beschreibung der Zahlungsmethode"
"Payment with %s","Zahlung mit %s"
"Payment with Ogone","Zahlung mit Ogone"
"Payments may be updated periodically (interval in minutes). To use this feature you have to setup magento cron","Mit der Aktivierung dieser Option wird periodisch der Status der Zahlung via API Interface abgefragt. Um das Feature zu nutzen, muss der Magento Cron aktiviert sein."
"Pending","Ausstehend"
"Pending OgoneCw","Ausstehend  OgoneCw"
"Phone Number","Telefonnummer"
"Place Order","Rechtsverbindlich bestellen"
"Please agree to all the terms and conditions before placing the order.","Bitte stimmen Sie vor dem Platzieren der Bestellung den allgemeinen Geschäftsbedingungen zu."
"Please check the entered CVC number.","Bitte überprüfen Sie den eingegebenen CVC."
"Please check the entered credit card number.","Bitte geben Sie eine Kreditkartennummer ein."
"Please enter here a salutation.","Bitte geben Sie hier Ihre Anrede ein."
"Please enter here the Bank Identifier Code (BIC).","Bitte tragen Sie hier einen BIC ein (Bank identifier Code)."
"Please enter here the CVC code from your card. You find the code on the back of the card.","Bitte geben Sie hier den CVC Ihrer Karte ein. Sie finden diesen auf der Rückseite Ihrer Kreditkarte."
"Please enter here the International Bank Account Number (IBAN).","Bitte geben Sie die IBAN Ihres Bankkontos ein."
"Please enter here the account holder name on the card.","Bitte geben Sie den Kontoinhaber an."
"Please enter here the account holder name.","Bitte tragen Sie hier den Kontoinhaber ein."
"Please enter here the account number of your bank account.","Bitte geben Sie die IBAN Ihres Bankkontos ein."
"Please enter here the bank code of your bank.","Bitte geben Sie den Bankcode Ihrer Bank ein."
"Please enter here the card holder name on the card.","Bitte geben Sie den Karteninhaber auf Ihrer Kreditkarte ein."
"Please enter here the commercial number of your company.","Sie müssen die Handelsregisternummer Ihrer Firma eingeben"
"Please enter here the name of the account owner.","Bitte geben Sie den Namen des Kontoinhabers an."
"Please enter here the number on your card.","Bitte geben Sie hier die Kartennummer Ihrer Kreditkarte ein."
"Please enter here the sales tax number of your company.","Bitte tragen Sie hier die Steuernummer Ihrer Firma ein."
"Please enter here your phone number.","Bitte geben Sie hier Ihre Telefonnummer an."
"Please enter here your social security number.","Bitte geben Sie hier Ihre Sozialversicherungsnummer ein."
"Please enter the location of your bank.","Bitte geben Sie den Standort Ihrer Bank ein."
"Please enter the name of your bank.","Bitte geben Sie hier den Namen Ihrer Bank ein."
"Please enter your IBAN number.","Bitte geben Sie Ihre IBAN ein."
"Please enter your issue number, if there is no CVC code on your card.","Bitte geben Sie die Ausgabenummer von Ihrer Karte ein, falls Sie keinen CVC auf Ihrer Karte haben."
"Please enter your salutation.","Bitte geben Sie hier Ihre Anrede ein."
"Please enter your salution.","Bitte geben Sie hier Ihre Anrede ein."
"Please flash or disable the cache storage and retry. If this did not help, change the authorization method to PaymentPage and <a href=""%s"" target=""_blank"">contact sellxed</a>.","Bitte deaktivieren Sie Cache und versuchen Sie es erneut. Sollte dies nicht helfen, ändern Sie die Autorisationsmethode zu PaymentPage und <a href=""%s"" target=""_blank"">kontaktieren Sie sellXed</a>."
"Please flash or disable the cache storage and retry. If this did not help, change the authorization method to PaymentPage and <a href=""%s"" target=""_blank"">contact sellxed</a>.', 'http://www.sellxed.com/en/support","Bitte leeren oder deaktivieren Sie den Cache-Speicher und versuchen Sie es erneut. Falls dies nicht hilft, ändern Sie die Autorisationsmethode zu Payment Page und <a href=""%s"" target=""_blank"">kontaktieren Sie sellXed</a>.', 'http://www.sellxed.com/en/support"
"Please flush or disable the cache storage and retry. If this did not help, change the authorization method to PaymentPage and <a href=""%s"" target=""_blank"">contact sellxed</a>.","Bitte entleeren oder deaktivieren Sie Ihren Cache und versuchen Sie es erneut. Falls es immer noch nicht klappt, ändern Sie die Autorisierungsmethode zu PaymentPage und kontaktieren Sie <a href=""%s"" target=""_blank"">sellxed</a>."
"Please log in below:","Bitte loggen Sie sich ein:"
"Please select","-- Bitte wählen --"
"Please select a shipping method before sending the order.","Bitte wählen Sie vor dem Übermitteln der Bestellung eine Versandmethode aus."
"Please select the Bank Identifier Code (BIC) of your bank.","Wählen Sie einen BIC (Bank Identifier Code) Ihrer Bank."
"Please select the day of your birth.","Bitte wählen Sie den Tag Ihrer Geburt aus."
"Please select the expiry month on your card.","Bitte wählen Sie den Monat des Ablaufdatums auf Ihrer Kreditkarte aus."
"Please select the expiry year on your card.","Bitte geben Sie das Ablaufdatum der Karte ein."
"Please select the month of your birth.","Bitte wählen Sie den Monat Ihrer Geburt aus."
"Please select the the year of your birth.","Bitte wählen Sie das Jahr Ihrer Geburt aus."
"Please select your gender.","Wählen Sie ihr Geschlecht"
"PostFinance FIS","PostFinance FIS"
"Price","Preis"
"Processor","Verarbeiter"
"Processor Country","Land des Verarbeiters"
"Product","Produkt"
"Product Name","Produktname"
"Purchase Point","Einkaufsort"
"Qty","Anzahl"
"RatePAY","RatePAY"
"RatePay","RatePay"
"Received status update. The transaction was declined","Statusupdate erhalten. Die Transaktion wurde abgelehnt."
"Received status update. The transaction was successful","Statusupdate erhalten. Die Transaktion war erfolgreich."
"Received update notification with unexcpected state: !status","Updatemeldung mit unerwartetem Status erhalten. Status: !status"
"Received update notification with unexcpected status: !status","Update-Benachrichtigung mit unerwartetem Status erhalten: !status"
"Recurring Payments","Abo Zahlungen"
"Red","Rot"
"Redirection Parameters generated.","Weiterleitungsparameter wurden generiert."
"Refund Amount","Rückerstattungsbetrag"
"Refund ID","Rückvergütungs ID"
"Refund amount","Rückerstattungsbetrag"
"Refund information","Informationen zur Gutschrift"
"Refund status","Gutschriftsstatus"
"Refunded Amount","Rückerstattungsbetrag"
"Refunds","Gutschrift"
"Refused Transaction Threshold","Schwellenwert für abgelehnte Transaktionen"
"Register","Registireren"
"Register to Create an Account","Registrieren, um ein Benutzerkonto zu erstellen"
"Register with us for future convenience:","Registrieren Sie sich bei uns für zukünftigen Komfort:"
"Release Date","Erscheinungsdatum"
"Remove","Entfernen"
"Reset","Zurücksetzen"
"Review","Übersicht"
"Risk Category","Risikokategorie"
"Risk Scoring","Risk Scoring"
"Rounding Adjustment","Rundungskorrekturen"
"Row Total","Zeilensumme"
"SAH IN signature is wrong.","SHA-IN Signatur ist falsch"
"SEPA Mandate ID","SEPA Mandats ID"
"SHA-1","SHA-1"
"SHA-256","SHA-256"
"SHA-512","SHA-512"
"SHA-IN Passphrase","SHA-IN Passwort"
"SHA-OUT Passphrase","SHA-OUT Passwort"
"SKU:","SKU:"
"Sales","Verkäufe"
"Sales Tax Number","Steuer Nummer"
"Salutation","Anrede"
"Save","Speichern"
"Saved cards:","Gespeicherte Karten:"
"See order and shipping status","Bestell- und Versandstatus ansehen"
"Select Brand","Wählen Sie den Kartentyp aus."
"Select Method","Methode auswählen"
"Select the authorization method to use for processing this payment method.","Wählen Sie bitte die Autorisierungsmethode für diese Zahlweise. (Bitte beachten Sie, dass die Hidden Autorisierung für Kreditkarten (sofern vorhanden) zusätzliche Zertifizerungsanforderungen mit sich bringt SAQ-A-EP. Für weitere Informationen kontkatieren Sie bitte Ogone)."
"Select the country code defined in the backend of Ogone for this payment method.","Wählen Sie den im Backend von Ogone für diese Zahlungsmethode definierten Ländercode aus."
"Select the country to process your bank transfers.","Wählen Sie das Land aus, in dem Ihre Banktransaktionen verarbeitet werden sollen."
"Select the date of your birth.","Wählen Sie Ihr Geburtsdatum."
"Select the date on which your card expires.","Wählen Sie das Kartenablaufdatum."
"Select the hash calculation method to use. This value must correspond with the selected value in the back-end of Ogone.","Wählen Sie die Hash Berechnungsmethode. Dieser Wert muss mit dem vom Backend von Ogone übereinstimmen."
"Select the processor for direct debit transactions.","Wählen Sie den Verarbeiter für Lastschriftzahlungen aus."
"Select the processor for installments.","Wählen Sie den Verarbeiter für Ratenzahlungen aus."
"Select the processor for open invoice.","Wählen Sie den Verarbeiter für Rechnungen aus."
"Select your gender","Wählen Sie ihr Geschlecht"
"Send Invoice Email","Rechnungs-E-Mail senden"
"Send amounts to Ogone in base currency.","Den Betrag an Ogone  in der Standard Währung setteln"
"Send amounts to Ogone in store's base currency.","Beträge in der Basiswährung des Shops an Ogone senden."
"Send invoice email","Rechnungsmail versenden"
"Send the invoice email automatically after invoice creation.","Soll das Rechnungsemail direkt nach dem Erstellen der Rechnung versendet werden?"
"Set direct capture after order. In this case your authoization will directly be captured on your customer's credit card","Wenn Sie 'Direkte Buchung' wählen, wird die Autorisierung direkt von der Kredit Karte des Kunden abgebucht. Bei 'Verzögerte Buchung' wird der Betrag verzögert zu einem von Ihnen definierten Zeitpunkt verbucht."
"Set the sort order to show the external checkouts.","Legen Sie die Reihenfolge fest, in der externe Checkouts angezeigt werden sollen."
"Settlement after order","Erstellung nach der Bestellung"
"Setup","Setup"
"Shipping & Handling","Shipping & Handling"
"Shipping Address","Lieferadresse"
"Shipping Amount","Lieferkosten"
"Shipping Information","Versandinformationen"
"Shipping Method","Versandmethode"
"Shipping Methods","Versandmethoden"
"Shipping Refund","Rückerstattung der Lieferkosten"
"Shop","Shop"
"Shop ID","Shop ID"
"Short Installation Instructions:","Kurzinstruktionen:"
"Should the amount be captured automatically after the order (direct) or should the amount only be reserved (deferred)?","Soll der Betrag nach der Bestellung automatisch abgesendet (direkt) oder nur reserviert werden (verzögert)?"
"Show","Anzeigen"
"Show Account Selection","Account-Auswahl anzeigen"
"Show Further Settings and Information","Weitere Einstellungen und Informationen zeigen"
"Show Image","Bild anzeigen"
"Show Payment Id","Payment ID anzeigen"
"Show the payment id","Anzeigen der Zahlungs ID"
"Show the payment id in the order information","Zahlungs ID in der Bestellinformation anzeigen"
"Show the payment image","Anzeigen der Zahlungslogos"
"Show the payment image on the checkout page","Zahlungslogos im Checkout anzeigen"
"Sign In","Anmelden"
"Slovakia","Slowakei"
"Social Security Number","Sozialversicherungsnummer"
"Solo Card","Solo Card"
"Some cards are not enrolled for the 3D secure process and you may exclude some cards from performing a 3D secure authorization. This setting controls, what should happend with these transactions. This setting requires that the parameter 'CCCTY' is returned.","Einige Karten sind nicht mit dem 3D Secure Prozess kompatibel und Sie können Karten von der 3D Secure Autorisierung ausschliessen. Diese Einstellung legt fest, wie bei diesen Transaktionen vorgegangen werden soll. Dafür muss der Parameter 'CCCTY' zurückgesendet werden."
"Some credentials for the API access are invalid. Error Code: @code","Einige Anmeldedaten für den API-Zugriff sind ungültig. Fehlercode: @code"
"Some input was invalid.","Ungültige Eingabe"
"Sort Order","Sortierreihenfolgen"
"Static Tempalte Css","Static Template CSS"
"Static Template Css","Static Template CSS"
"Status","Status"
"Status after HTTP Update Payment Received Status","Status nach Update im Falle von Zahlung erhalten"
"Store the payment details","Speichere Zahlungsdaten"
"Stored payment details","Gespeicherte Zahlungsdetails"
"Submit Order","Bestellung absenden"
"Submitting order information...","Bestellungsinformation übermitteln..."
"Subtotal","Zwischensumme"
"Success","Erfolgreich"
"Successful","Erfolgreich"
"Successful online refund of amount","Der Betrag wurde online erfolgreich zurückerstattet."
"Successful payment authorization.","Die Zahlung wurde erfolgreich autorisiert."
"Successfull online refund of amount","Der Betrag wurde online erfolgreich zurückerstattet."
"Support","Support"
"Sweden (SE)","Schweden (SE)"
"Switzerland (CH)","Schweiz (CH)"
"Table Background Color","Hintergrundfarbe Tabelle"
"Table Text Color","Textfarbe Tabelle"
"Tax Amount","Steuerbetrag"
"Technical issue: This payment methods is not available at the moment.","Technisches Problem: Diese Zahlungsmethode ist zur Zeit nicht verfügbar."
"Telego (Direct Debits DE)","Telego (Direct Debits DE)"
"Template URL","Template URL"
"Template URL for own template","Template URL für eigenes Template"
"Template Url","Template URL"
"Test Account SHA-IN Passphrase","Test Account SHA-IN Passwort"
"Test Account SHA-OUT Passphrase","Test Account SHA-OUT Passwort"
"Test Mode","Test Modus"
"Test PSPID","Test PSPID"
"Test Transaction","Testtransaktion"
"Text Color","Textfarbe"
"The 'account number' field cannot be empty.","Das Feld 'Kontonummer' muss ausgefüllt sein"
"The 'account owner' field cannot be empty.","Das Feld 'Karteninhaber' muss ausgefüllt sein"
"The 'account_number' field cannot be longer than 10 digits.","Das Feld 'account_number' darf nicht aus mehr als 10 Ziffern bestehen."
"The 'account_number' field must be 11 digits long.","Das Feld 'account_number' muss aus 11 Ziffern bestehen"
"The 'bank code' field cannot be empty and it must be 5 digits long.","Das Feld 'Bankleitzahl' darf nicht leer sein und muss aus mindestens 5 Ziffern bestehen"
"The 'bank code' field cannot be empty and it must be 8 digits long.","Das Feld 'Bankleitzahl' darf nicht leer sein und muss aus mindestens 8 Ziffern bestehen"
"The CVC code is too long.","Der CVC Code ist zu lang"
"The CVC contains invalid chars.","Der CVC enthält ungültige chars"
"The Font Family that will be used","Die zu verwendende Schriftart"
"The HMAC key as defined in the live backoffice of Ogone. You may need generate the HMAC key. Please take a look at the manual how to do this.","Der HMAC Key ist im Live Backoffice von Ogone angegeben. Eventuell müssen Sie den HMAC Key noch generieren. Eine Anleitung dazu finden Sie im Manual."
"The PSPID as given by the Ogone.","Geben Sie die PSPID von Ogone ein."
"The SEPA mandate schema does not contain the tag '!tag'. This tag is required.","Das SEPA Mandat Scheme enthält leider nich die Bezeichnung '!tag'. Diese Bezeichnung ist aber Pflicht."
"The SHA signature of the 3D Secure callback was not valid.","Die SHA-Signatur des 3D-callbacks ist ungültig"
"The SHA signatures do not match.","Die SHA-Signaturen stimmen nicht überein"
"The URL indicated here is rendered as Template. For this you must select option 'Use own template'. The URL must point to an HTML page that contains the string '$$$PAYMENT ZONE$$$'. This part of the HTML file is replaced with the form for the credit card input.","Die hier angegebene URL wird als Template übergeben. Dazu muss bei Template die Option 'Eigenes Template verwenden' gewählt werden. Auf der hier angegebenen URL muss ein HTML File abrufbar sein, welches den Tag '$$$PAYMENT ZONE$$$' enthält. Dieser Teil der HTML Datei wird durch das Formular für die Kreditkarteneingabe ersetzt."
"The URL indicated here is used to rendered the template for mobile devices. This field is only considered when the option mobile template is set to 'Use own template'.","Die hier angegebene URL wird benutzt, um das Template für Mobilgeräte zu rendern. Das Feld ist nur aktiv, wenn die Option Mobile Template auf 'Eigenes Template benutzen' eingestellt ist."
"The acquiring system is not available. Hence the authorization is not completed.","Das System des Acquirers ist nicht verfügbar. Die Autorisierung ist daher nicht vollständig."
"The alias could not be found.","Der Alias konnte nicht gefunden werden."
"The alias has been deleted.","Der Alias wurde gelöscht"
"The alias manager allows the customer to select from a credit card previously stored. The credit card data is stored by Ogone.","Der Alias Manager erlaubt es dem Kunden mit einer bereits gespeicherten Kreditkarte zu bezahlen. Diese Kreditkartendaten werden bei Ogone gespeichert."
"The alias transaction could not be conductet with error code: !code, and reason: !reason:","Die Alias Transaktion konnte nicht durchgeführt werden. Fehlermeldung: !code und Grund: !reason."
"The amount could not be verified.","Der Betrag konnte nicht verifiziert werden."
"The amount of !amount is authorized.","Der Betrag von '!amount' wurde autorisiert."
"The amount of !amount is captured.","Der Betrag von !amount ist verbucht."
"The authorization could not be completed, due to a delayed external validation of the payment.","Die Autorisierung der Zahlung konnte aufgrund einer verzögerten externen Validierung nicht abgeschlossen werden"
"The authorization declined by the aquirer.","Die Autorisierung wurde vom Acquirer abgelehnt"
"The authorization is refused.","Die Autorisierung ist fehlgeschlagen."
"The authorization method '!method' is not supported.","Die Autorisierungsmethode '!method' ist nicht unterstützt."
"The authorization was not successful","Autorisierungsfehler. Die Autorisierung war nicht erfolgreich."
"The brand of the credit card is detected by the card number if hidden authorization is used. If the payment page is used, the user has to select the brand. The allowed credit card brands can be restricted by this setting.","Der Kreditkartenanbieter wird anhand der Kartennummer falls Hidden Authorization benutzt wird. Wird die Zahlungsseite (Payment Page) benutzt, muss der Nutzer den Anbieter manuell auswählen. Über diese Einstellung können auch die akzeptierten Kreditkartenanbieter eingeschränkt werden."
"The brand with external name '!key' was not present in the map.","Der Kreditkartenbrand mit dem Namen '!key' konnte nicht zugeordnet werden."
"The brand with key '!key' was not found in the card information map.","Der Kreditkarten Brand mit dem '!key' wurde nicht gefunden in der Karteninformationsmap."
"The cancellation could not be conducted. Error code: !error.","Die Stornierung konnte nicht durchgeführt werden. Fehlercode: !error."
"The cancellation is processed offline.","Der Abbruch wird offline bearbeitet"
"The capture amount (!captureAmount) cannot be greater than the authorized amount (!authorizedAmount).","Der Verbuchungsbetrag von '!captureAmount' kann nicht grösser sein als der autorisierte Betrag von '!authorizedAmount'."
"The capture item with SKU '@sku' has a higher amount (@amountItem) as the original item (@amountOriginal).","Der verbuchte Artikel mit der Bestandseinheit @sku hat einen höheren Wert (@amountItem) als der ursprüngliche Artikel (@amountOriginal)."
"The capture item with SKU '@sku' is not present in the original order.","Der verbuchte Artikel mit der Bestandseinheit @sku ist in der ursprünglichen Bestellung nicht vorhanden."
"The capturing could not be conducted. Error code: !error.","Die Verbuchung konnte nicht durchgeführt werden. Fehlercode: !error."
"The capturing is in progress.","Die Buchung ist in Bearbeitung"
"The capturing is in uncertain.","Die Buchung ist unsicher"
"The card brand selection is automatically done depending on the entered card number. If no Javascript is active in the browser, a drop down is shown. In case JavaScript a the brand logos can be shown. Should the brand selection using images?","Die Auswahl des Kartenanbieters wird abhängig von der eingegebenen Kartennummer automatisch durchgeführt. Falls JavaScript im Browser nicht aktiviert ist, wird ein Dropdown-Menü angezeigt. Ist JavaScript aktiv, können die Logos der Anbieter gezeigt werden, sofern die Image Brand Selection aktiviert ist."
"The card number contains invalid chars.","Die Kartennummer beinhaltet ungültige chars."
"The card number is too long.","Die Kartennummer ist zu lang"
"The card number is too short.","Die Kartennummer ist zu kurz"
"The cardholder name is missing.","Der Karteninhaberangaben fehlen"
"The cardholder name is too long.","Der Kartenhaltername ist zu lang"
"The checkout process was not successful. Please try again.","Der Checkout-Prozess war nicht erfolgreich. Bitte versuchen Sie es erneut."
"The colors can be specified by their hexadecimal code (#FFFFFF) or their name (white).","Die Farbe kann mit Hexadezimalcode (#FFFFFF) oder mit Namen (white) angegeben werden."
"The configuration has been saved.","Die Konfiguration wurde gespeichert."
"The controller class '@controller' does not provide any method with annotation 'Customweb_Payment_Endpoint_Annotation_ExtractionMethod' and valid output.","Die Controller Class '@controller' bietet keine Methode mit der Beschriftung 'Customweb_Payment_Endpoint_Annotation_ExtractionMethod' und gültigem Output."
"The countries listed in this field are used to mark transaction as uncertain. The behavior depends on the setting above 'Non 3D Secure Behavior'. The country code is taken from the card. You need to make sure you return the parameter 'CCCTY'. As indicated by Ogone this value is only for 94% of the transaction correct. The list below must be a comma separated list of country codes. The codes must be in ISO 3166-2 format (e.g. DE,IT,FR).","Die in diesem Feld aufgeführten Länder geben an, welche Transaktionen als unsicher markiert werden. Das Verhalten hängt von den Einstellungen im 'Vorgehen bei Transaktionen ohne 3D Secure'  ab. Der Ländercode wird anhand der Karte bestimmt. Sie müssen sicherstellen, dass Sie den Parameter 'CCCTY' zurücksenden. Wie von Ogone angegeben, ist dieser Wert nur in 94% der Transaktionen korrekt. Die Liste muss aus durch ein Komma getrennte Ländercodes bestehen. Die Ländercodes müssen im ISO 3116-2 Format angegeben sein (z.B. DE, IT, FR)."
"The credit card is expired.","Die Kreditkarte ist abgelaufen"
"The customer does not finish the payment with in the timeout.","Der Kunde hat die Zahlung nicht innerhalb des Timeouts abgeschlossen."
"The data will be processed offline.","Die Daten werden offline verarbeitet werden."
"The date of birth is required.","Das Geburtsdatum muss angegeben werden."
"The entered salutation is too long. It can not be longer than 5 chars.","Die eingegebene Anrede ist zu lang. Sie darf nicht länger als 5 Zeichen sein."
"The expiry date is invalid.","Das Ablaufdatum ist ungültig"
"The gender is required.","Geschlecht muss angegeben werden."
"The given CVC code has the wrong length.","Der angegebene CVC Code hat eine ungültige Länge."
"The given card number has an invalid check sum.","Die angegebene Kartennummer hat eine ungültige Check Summe."
"The given card number has an invalid length.","Die angegebene Kartennummer hat eine ungültige Länge."
"The given currency (!currency) is not 3 chars long. It must be in the ISO 4217 format.","Die angegebene Währung !currency ist nicht drei Zeichen lang. Sie muss im ISO 4217 Format angeben werden."
"The given hmac key is empty.","Der HMAC Key ist ungültig."
"The given identifier is empty.","Der Identifier ist ungültig."
"The given password is empty.","Das Passwort ist ungültig."
"The given rang is empty. It must be a nummeric value with length of two.","Der gegebene Rang ist leer. Er muss eine zweistellige Nummer sein."
"The given rang is invalid. It must be a nummeric value with length of two.","Der gegebene Rang ist ungültig. Er muss eine zweistellige Nummer sein."
"The given site number is empty.","Es wurde keine Seitenzahl angegeben."
"The identifier as defined in the backoffice of Ogone.","Der Identifier, wie er im Ogone Backoffice angegeben ist."
"The invoice could not be captured and processed by","Die Rechung konnte bei Ogone nicht gebucht und verarbeitet werden"
"The invoice could not be captured and processed. Reason:","Die Rechnung konnte nicht verbucht und verarbeitet werden. Grund: !reason."
"The invoice could not be found.","Die Rechung konnte nicht gefunden werden."
"The invoice has been changed.","Die Rechnung wurde geändert."
"The invoice no longer exists.","Die Rechnung existiert nicht mehr."
"The layout does not contain the tag '!layout_tag'.","Das Layout enhält nicht den Tag '!layout_tag'."
"The module can perform a check of the country code provided by the issuer of the card, the IP address country and the billing address country. In case they do not match, the transaction is marked as uncertain. This setting does not override any other rule for marking transaction as uncertain.","Das Modul kann den vom Kartenaussteller angegebenen Ländercode, das Land der IP Adresse und der IP Adresse überprüfen. Falls diese nicht übereinstimmen, wird die Transaktion als unsicher markiert. Diese Einstellung überschreibt keine der anderen Regelungen zur Markierung von Transaktionen als unsicher."
"The next update execution date indicates when the next cron is run to update the transaction state.","Das nächste Ausführungsdatum für upades zeigt Ihnen an, wann der nächste cron für das Update des Transaktionsstatus läuft."
"The notification failed because the SHA signature seems not to be valid.","Die Benachrichtigung ist fehlgeschlagen, da die SHA-Signatur ungültig zu sein scheint."
"The order is not fully completed. Please contact the store owner.","Die Zahlung konnte nicht durchgeführt werden."
"The parameters ""3DSIGNVAL"" was false.","Der Parameter  ""3DSIGNVAL"" ist ungültig."
"The payment could not be authorized, because it is not certain.","Die Bezahlung konnte nicht autorisiert werden da sie unsicher ist."
"The payment form will be displayed after submitting the order.","Das Bezahlformular wird nach dem Absenden der Bestellung angezeigt."
"The payment has been accepted.","Die Zahlung wurde akzeptiert"
"The payment has been denied.","Die Zahlung wurde abgelehnt."
"The payment is not finished. Hence it must be manually checked.","Die Bezahlung ist unvollständig; Sie muss daher manuell kontrolliert werden."
"The payment is refused.","Zahlung wurde abgelehnt"
"The payment method !paymentMethodName does not support the currency '!currency'.","Die Zahlweise '!paymentMethodName' unterstützt die Währung '!currency' nicht."
"The payment method !paymentMethodName is not available in your country ('!country').","Die Zahlungsmethode '!paymentMethodName' ist in Ihrem Land ('!country') nicht verfügbar."
"The payment update has been made.","Das Zahlungsupdate wurde ausgeführt."
"The provided PSPID is empty. Please check the module settings.","Die PSPID ist leer. Bitte überprüfen Sie die Moduleinstellungen."
"The provided signature does not match with the one calculated.","Die eingegeben Signatur stimmt nicht mit der berechneten Signatur überein."
"The rang (PBX_RANG) as defined in the live backoffice of Ogone. It must be nummeric value with length two. In the backoffice it may be displayed as a three char value. You must truncate the first digit.","Der Rang (PBX_RANG), wie er im Live Backoffice von Ogone_ angegeben ist. Er muss eine zweistellige Nummer sein. Im Backoffice wird er eventuell als dreistelliger Wert angezeigt. Sie müssen die erste Ziffer streichen."
"The refund is in progress.","Vergütung ist in Bearbeitung"
"The refund is in uncertain.","Die Vergütung ist unsicher"
"The refund item with SKU '@sku' has a higher amount (@amountItem) as the original item (@amountOriginal).","Der zurückerstattete Artikel mit der Bestandseinheit @sku hat einen höheren Betrag (@amountItem) als der ursprüngliche Artikel (@amountOriginal)."
"The refund item with SKU '@sku' is not present in the original order.","Der zurückerstattete Artikel mit der Bestandseinheit @sku ist in der ursprünglichen Bestellung nicht enthalten."
"The refunding could not be conducted. Error code: !error.","Die Rückerstattung konnte nicht durchgeführt werden. Fehlercode: !error."
"The request does not contain a 'SHASIGN' parameter. The cause is that the callback in the background is not executed.","Der 'SHASIGN' Parameter ist in der Anfrage nicht enthalten, da der callback im Hintergrund nicht ausgeführt wurde."
"The result of the authorization is not known.","Das Resultat der Autorisierung ist unbekannt"
"The salutation can not be longer than 5 chars.","Die Anrede kann nicht länger als 5 Zeichen lang sein."
"The server response was not valid. Response: @response","Die Serverantwort ist ungültig. Antwort: @response"
"The shopping cart has been altered!","Der Warenkorb wurde verändert!"
"The signature could not be verified.","Die Signatur konnte nicht verifiziert werden."
"The site id (PBX_RANG) as defined in the backoffice of Ogone.","Die Site ID (PBX_RANG) wie Sie im Backoffice von Ogone angegeben ist."
"The test PSPID as given by the Ogone.","Geben Sie die Test PSPID von Ogone ein."
"The total refund amount (!totalRefundedAmount) cannot be greater than the captured amount (!capturedAmount).","Der Totale gutzuschreibende Betrag von '!totalRefundedAmount' kann nicht grösser sein als der verbuchte Betrag von '!capturedAmount'."
"The transaction cannot be cancelled online.","Die Transaktion kann nicht online storniert werden."
"The transaction cannot be captured online.","Die Transaktion kann nicht online erfasst werden."
"The transaction cannot be refunded online.","Die Transaktion kann nicht online zurückerstattet werden."
"The transaction could not be cancelled. Details: @details","Die Transaktion konnte nicht abgebrochen werden. Details: @details"
"The transaction could not be captured. Details: @details","Die Transaktion konnte nicht verbucht werden. Details: @details"
"The transaction could not be refunded. Details: @details","Die Transaktion konnte nicht erstattet werden. Details:@details"
"The transaction failed due to a unkown reason.","Die Transaktion ist aus unbekannten Gründen fehlgeschlagen"
"The transaction failed with error code !code.","Die Transaktion ist fehlgeschlagen. Fehlermeldung: !code"
"The transaction id is incorrect.","Die Transaktions ID ist falsch"
"The transaction is cancelled.","Die Transaktion wurde erfolgreich abgebrochen."
"The transaction is only executed in the test system. The goods should not be delivered.","Die Transaktion wird nur im Testsystem durchgeführt. Die Waren sollen nicht geliefert werden."
"The transaction was refused, but the cancellation failed","Die Transaktion wurde abgelehnt, die Stornierung ist fehlgeschlagen."
"The whole transaction is cancelled.","Die gesamte Transaktion wurde storniert."
"There has been a problem during the processing of your payment.","Während der Verarbeitung der Zahlung ist ein Problem aufgetreten."
"There has been a problem during the processing of your payment. Please contact the shop owner to make sure your order was placed successfully.","Während der Verarbeitung der Zahlung ist ein Problem aufgetreten. Bitte kontaktieren Sie den Shop-Betreiber um sicherzugehen, dass die Bestellung erfolgreich erfasst wurde."
"There is a problem with your license. Please contact us (www.sellxed.com/support). Reason: %1","Es besteht ein Problem mit Ihrer Lizenz. Bitte kontaktieren Sie uns (www.sellxed.com/support). Reason: %1"
"There is a problem with your license. Please contact us (www.sellxed.com/support). Reason: %s","There is a problem with your license. Please contact us (www.sellxed.com/support). Reason: %s"
"There is already a customer registered using this email address. Please login using this email address or enter a different email address to register your account.","Es ist bereits ein Kunde mit dieser E-Mail-Adresse registriert. Bitte mit dieser E-Mail-Adresse anmelden, oder eine andere E-Mail-Adresse eingeben um ihren Account zu registrieren."
"There seems to be a problem with the Ogone module.","Es scheint ein Problem mit dem Ogone-Modul  zu geben."
"There was an error validating the login and password.","Ein Fehler ist bei der Validierung der Logindaten und des Passworts aufgetreten."
"This URL has to be placed in the backend of Ogone under Configuration > Technical Information > Transaction Feedback and their in the field for 'HTTP request for status changes'.","Diese URL muss im Backend von Ogone unter Configuration > Technical Information > Transaction Feedback im Feld 'HTTP request for status changes' hinterlegt werden."
"This URL has to be placed in the backend of Ogone under Configuration > Technical Information > Transaction Feedback and their in the two fields for 'Direct HTTP server-to-server request'.","Diese URL muss im Backend von Ogone in die zwei Felder für 'Direct HTTP server-to-server request' unter Configuration > Technical Information > Transaction Feedback  eingefügt werden."
"This URL is used by default for handling the dynamic template of Ogone. To use this feature "" . ""you may need activate the feature in your account and you need to add the domain to the Trusted website hostnames. To work properly in all browser you need HTTPS on your server and domain.","Diese URL wird standardmässig für die Bearbeitung des Dynamic Template von Ogone benutzt. Um dieses Feature zu nutzen müssen Sie dieses unter Umständen in Ihrem Account aktivieren und Sie müssen die Domain zu der Liste von vertrauenswürdigen Websites hinzufügen. Damit das Feature in allen Browsern zuverlässig funktioniert, ist HTTPS auf Ihrem Server sowie der Domain notwendig."
"This account is not confirmed. <a href=""%s"">Click here</a> to resend confirmation email.","Dieser Account ist nicht verifiziert. <a href=""%s"">Klicken Sie hier</a> um die Bestätigungsemail erneut zu versenden."
"This is a brief instruction of the main and most important installation steps, which need to be performed when installing the Ogone module. For detailed instructions regarding additional and optional settings, please refer to the enclosed instructions in the zip.","Hier finden Sie eine Kurzinstruktion durch die wichtigsten Schritte, welch es bei der Installation des Ogone  Moduls zu beachten gilt. Eine ausführliche Anleitung zu den einzelnen Einstellung entnehmen Sie bitte der im Zip beigelegten Anleitung."
"This parameter is sometimes transmitted to the acquirer (depending on the acquirer), in order to be shown on the account statements of the merchant or the customer. The prefix can contain the tag {id}. It will then be replaced by the order number (e.g. name {id}). (Payment Page only)","Dieser Parameter wird eventuell an den Acquirer weitergeleitet (dies hängt vom jeweiligen Acquirer ab), damit die Angaben auf den Kontoauszügen des Händlers oder des Kunden angezeigt werden. Der Präfix kann den Tag {id} enthalten. Dieser wird durch die Bestellnummer ersetzt (z.B. name {id}). Dies gilt nur bei Verwendung der Payment Page."
"This parameter is sometimes transmitted to the acquirer (depending on the acquirer), in order to be shown on the account statements of the merchant or the customer. The prefix can contain the tag {id}. It will then be replaced by the order number (e.g. name_{id}). (Payment Page only)","Dieser Parameter wird manchmal dem Acquirer übermittelt (dies ist vom Acquirer abhängig), um auf den Kontoauszügen ersichtlich zu sein. Der Präfix kann den Tag ""{id}"" enthalten. Dieser wird dann durch die Bestellnummer ersetzt. (z.Bsp. Name_{id}). (Nur Verfügbar bei der Autorisierung via Payment Page)"
"This password is used for recurring payments and for the alias manager as well as for the server authorization. This is the password of the Ogone account.","Dieses Passwort wird für wiederkehrende Zahlungen sowie für den Alias Manager und die Service Autorisierung benutzt. Dies ist das Passwort für den Ogone Account."
"This setting can be used to activate resp. deactivate the 3D secure check. Please check with PayBox if you are allowed to deactivate the 3D secure check. This setting has only an effect when you use the payment page.","Anhand dieser Einstellung können Sie die 3D Secure Überprüfung aktivieren bzw. deaktivieren. Bitte fragen Sie bei Paybox an, ob sie 3D Secure deaktivieren dürfen. Diese Einstellung ist nur relevant, wenn Sie Payment Page benutzen."
"This status is set, when the payment was successfull and it is authorized.","Dieser Status wird vergeben, wenn eine Zahlung erfolgreich war und autorisiert wurde."
"This transaction is already closed for further captures.","Diese Transaktion ist bereits geschlossen und es können keine weiteren Buchungen vorgenommen werden."
"This transaction is already closed for further refunds.","Diese Transaktion wurde für weitere Gutschriften bereits geschlossen."
"This transaction no longer exists.","Diese Transaktion existiert nicht mehr."
"Timeout for pending payments (min)","Timeout für ausstehende Zahlungen (Min.)"
"Titel","Titel"
"Title","Titel"
"Title and Header of the payment page","Titel und Kopfzeile der Zahlungsseite (Payment Page)"
"Title of the payment method","Name der Zahlungsmethode"
"To generate a SEPA mandate ID this schema can be used to customize it. However the tags '{year}', '{month}', '{day}' and '{random}' must be present in the schema. The {random} tag is filled with a random string of 20 chars.","Dieses Schema kann genutzt werden, um die Generierung eines SEPA Mandate ID anzupassen. Die Tags '{year}', '{month}', '{day}' und '{random}' müssen im Schema enthalten sein. Der Tag {random} wird mit einem zuffälligen String aus 20 Zeichen ersetzt."
"Total","Total"
"Total Shipping Charges","Total Lieferkosten"
"Track order history","Getätigte Bestellungen verfolgen"
"Transaction","Transaktion"
"Transaction Authorized","Transaktion autorisiert"
"Transaction Cancelled","Transaktion storniert"
"Transaction Captured","Transaktion verbucht"
"Transaction History","Transaktionsverlauf"
"Transaction Id","Transaktions-ID"
"Transaction Paid","Transaktion bezahlt"
"Transaction Uncertain","Transaktion ist unsicher"
"Transaction Updates","Transaktionsupdates"
"Transaction cancelled successfully","Die Transaktion wurde erfolgreich abgebrochen."
"Transaction captured successfully","Die Transaktoin wurde erfolgreich verbucht."
"Transaction history","Transaktionsübersicht"
"Transaction was authorized over the deferred authorization mechanism.","Die Transaktion wurde über den verzägerten Autorisierungsmechanismus autorisiert."
"Transactions","Transaktionen"
"UATP","UATP"
"URL of the logo you want to display at the top of the payment page. The URL must be absolute. The logo needs to be stored on a secure server. If you do not have a secure environment to store your image, contact your Ogone to store your logo on their server.","Die URL des Logos, das oben auf der Zahlungsseite (Payment Page) angezeigt werden soll. Die URL muss absolut sein und das Logo muss auf einem sicheren Server gespeichert sein. Falls Sie über keinen sicheren Server verfügen, kontaktieren Sie Ogone und speichern Sie ihr Logo auf dem Ogone Server."
"URLs","URLs"
"Unable to save the invoice.","Die Rechnung konnte nicht gespeichert werden."
"Uncertain Status","Unsicherer Status"
"Uncertain transactions","Unsichere Transaktionen"
"Unknown reason","Unbekannter Grund"
"Update","Update"
"Update Qty's","Anzahl anpassen"
"Update interval for payments","Update Intervall für Zahlungen"
"Use Base Currency","Basiswährung verwenden"
"Use Default","Standardeinstellungen benutzen"
"Use base currency","Zahlung in der Standard Währung setteln."
"Use customweb hosted template","Von Customweb gehostetes Template benutzen"
"Use own template","Eigenes Template verwenden"
"Use shop template","Shop Template verwenden"
"Use standard template (as selected above)","Standard Template benutzen (wie oben ausgewählt)"
"Use static template","Static Template benutzen"
"VISA","VISA"
"Validation","Validierung"
"Version","Version"
"Vertical list of logos with the name on the left side","Vertikal gelistete Logos mit Namen auf der linken Seite"
"View","Anzeigen"
"Wait On Success Page","Auf der Success Seite warten"
"Waiting for client payment","Warten auf Kundenzahlung"
"We cannot get the transaction instance.","Wir können keine Transaktions-Instanz laden."
"We experienced a problem with your sellxed payment extension. For more information, please visit the configuration page of the plugin.","Es gibt ein Problem mit Ihrem Zahlungsmodul. Für mehr Informationen, besuchen Sie für die Informationsseite des Plugins."
"When the store is not available (network outage, server failure or any other outage), when the feedback of Ogone is sent, then the transaction state is not updated. Hence no order confirmation e-mail is sent and the order is not in the paid state. By activating the transaction update, such transactions can be authorized later over direct link. To use this feature the update service must be activated and the API username and the API password must be set.","Wenn der Shop nicht erreichbar ist (Netzwerk- Serverausfall o.ä.) während das Feedback von  Ogone gesendet wird, wird der Transaktionsstatus nicht aktualisiert. Daher wird keine Bestätigungsmail für die Bestellung verwand und die Bestellung hat noch nicht den Status ""bezahlt"". Indem Sie Transaktionsupdates aktivieren, können solche Transaktionen über einen direkten Link aktualisiert werden. Um diesen Service zu nutzen, muss der Update Service aktiviert sein und der API Nutzername sowie das Passwort müssen festgelegt sein."
"When using an external checkout, the customer can either be asked to chose an option to authenticate (as guest, register or login) or he can always be checked out as guest. For the second option to work, guest checkout has to be enabled in magento.","Beim externen Checkout mit Adressübergabe hat der Kunde nach der Rückkehr aus dem Wallet die Möglichkeit sich einzuloggen (als gast, ein Konto erstellen oder mit den bestehenden Kundenkonto einloggen). Alternativ können Sie den Kunden zwingen immer als Gastkunde auszuchecken. In diesem Fall muss aber in Magento Gast Checkout als Option aktiviert sein."
"With the Dynamic Template you can design the layout of the payment page yourself. For the option 'Own template' the URL to the template file must be entered into the following box.","Das Dynamic Template ermöglicht es die Payment Page in einem eigenen Layout zu gestalten. Bei der Option eigenes Template muss die URL zur Template Datei im nachfolgenden Feld eingetragen werden."
"With this option you can control which template is used for mobile devices. Per default the template for desktops is used. You can either use a own template (provided through the field below) or the customweb hosted template.","Mit dieser Option können Sie festlegen, welches Template für Mobilgeräte verwendet werden soll. Standardmässig wird das Dektop Template benutzt. Alternativ können Sie entweder ein eigenes Template benutzen, welches Sie im Feld unten eintragen, oder auf ein von Customweb gehostetes Template zurückgreifen."
"Wrong 'BRAND' was specified.","Falscher 'Kreditkartenbrand' wurde spezifiziert"
"Wrong bank account format.","Falsches Bankkonto Format"
"Year","Jahr"
"Yes","Ja"
"Yes, use images for the brand selection.","Logos für die Auswahl des Kartenanbieters benutzen."
"You accept that your credit card informations are stored securly for future orders.","Sie akzeptieren, dass Ihre Kreditkarteninformationen für zukünftige Bestellung sicher gespeichert werden."
"You can allow the customers to manage/delete their aliases in the their account.","Sie können Ihren Kunden gestatten ihre Aliasse auf ihrem Konto zu verwalten/löschen."
"You can create an API username in the back-end of Ogone. The API user is necessary for the direct communication between the shop and the service of Ogone.","Sie können im Backend von Ogone einen API Benutzernamen erstellen. Der API Benutzer wird für die direkte Kommunikation zwischen dem Shop und dem Service von Ogone benötigt."
"You can decide on the order status new orders should have after they are processed successfully.","Definieren Sie den Bestellstatus für Bestellungen, welche erfolgreich verarbeitet wurden."
"You can decide on the order status new orders should have that have an uncertain authorization status.","Definieren Sie den Bestellstatus für Bestellungen mit einer unisicheren Autorisierung."
"You can specify the order status after the payment is received. In order to use this feature the http-request for Status Changes has to be set up as described in the manual.","Sie können den Bestellstatus festlegen, der vergeben werden soll wenn die Zahlung des Kunden eingegangen ist. Um diese Einstellung zu benutzen, müssen Sie 'HTTP request for status changes' wie in der Anleitung beschrieben aktivieren."
"You can specify the order status for new orders that have an uncertain authorisation status.","Sie können den Status von Bestellungen mit unsicherem Autorisationsstatus definieren."
"You can specify the order status for orders that are captured either directly after the order or manually in the backend.","Sie können den Status von Bestellungen definieren, die entwerder direkt anch der Bestellung oder manuell im Backend verbucht werden."
"You can specify the order status for orders that are refused after being in a uncertain state. In order to use this feature you will have to set up the http request for status changes as outlined in the manual.","Sie können den Status von Bestellungen festlegen, die abgewiesen wurden nachdem sie einen unsicheren Status hatten. Um diese Einstellung zu benutzen, müssen Sie 'HTTP request for status changes' wie in der Anleitung beschrieben aktivieren."
"You can specify the order status for orders that are successful after being in a uncertain state. In order to use this setting, you will need to activate the http-request for status changes as outlined in the manual.","Sie können den Status für Bestellungen festlegen, die erfolgreich sind nachdem sie einen unsicheren Status hatten. Um diese Einstellung zu benutzen, müssen Sie 'HTTP request for status changes' wie in der Anleitung beschrieben aktivieren."
"You can specify the order status when an order is cancelled.","Sie können den Status von abgebrochenen Bestellungen definieren."
"You created the order.","Sie haben die Bestellung aufgegeben."
"You have no stored aliases.","Sie haben keine gespeicherten Aliasse."
"You have to enter a CVC code.","Sie müssen einen CVC Code eingeben."
"You have to enter a card number.","Sie müssen eine Kartennummer eingeben"
"You have to enter bank code of your bank.","Sie müssen den Bankcode Ihrer Bank eingeben"
"You have to enter commercial number of you company.","Sie müssen die Handelsregisternummer Ihrer Firma eingeben"
"You have to enter either the CVC code or the issue number of your card.","Bitte geben Sie entweder den CVC oder die Ausgabenummer Ihrer Karte ein."
"You have to enter sales tax number of you company.","Bitte tragen Sie hier die Steuernummer Ihrer Firma ein."
"You have to enter sales tax number of your company.","Bitte geben Sie die Umsatzsteuer-Identifikationsnummer ein."
"You have to enter the BIC.","Sie müssen die BIC eingeben."
"You have to enter the CVC code from the back of your credti card.","Bitte geben Sie hier den CVC Ihrer Karte ein. Sie finden diesen auf der Rückseite Ihrer Kreditkarte."
"You have to enter the CVC code from your card.","Sie müssen den CVC Ihrer Karte eingeben."
"You have to enter the IBAN.","Sie müssen die IBAN Ihres Bankkontos eingeben"
"You have to enter the a card number.","Sie müssen eine Kartennummer eingeben"
"You have to enter the account holder name on the card.","Sie müssen den Kontoinhaber angeben."
"You have to enter the account holder name.","Bitte geben Sie den Kontoinhaber an."
"You have to enter the card holder name on the card.","Bitte geben Sie den Namen des Karteninhabers ein"
"You have to enter the card holder.","Bitte geben Sie den Namen des Karteninhabers ein"
"You have to enter the location of your bank.","Bitte geben Sie den Standort Ihrer Bank ein."
"You have to enter the month of the card expiry.","Bitte wählen Sie den Monat des Ablaufdatums auf Ihrer Kreditkarte aus."
"You have to enter the name of the account owner.","Bitte geben Sie den Namen des Kontoinhabers an."
"You have to enter the name of your bank.","Sie müssen den Namen Ihrer Bank eingeben."
"You have to enter the year of the card expiry.","Bitte geben Sie das Jahr des Ablaufdatums ein"
"You have to enter your IBAN Number.","Sie müssen die IBAN Ihres Bankkontos eingeben"
"You have to enter your bank account number.","Bitte geben Sie die IBAN Ihres Bankkontos ein."
"You have to enter your social security number.","Bitte geben Sie hier Ihre Sozialversicherungsnummer ein."
"You may choose one of the cards you paid before on this site.","Sie können aus einer der bereits gespeicherten Karten auswählen."
"You may choose one of your stored payment details.","Wählen Sie eine der gespeicherten Zahlungsinformationen zur Zahlung."
"You must define your gender.","Wählen Sie ihr Geschlecht"
"You must enter the company registration number.","Sie müssen ihre Firmenregistrierungsnummer angeben."
"You must enter the sales tax number.","Sie müssen die Umsatzsteueridentifikationsnummer angeben."
"You must enter your phone number.","Bitte geben Sie Ihre Telefonnummer ein."
"You must enter your salutation.","Bitte geben Sie hier Ihre Anrede ein."
"You must enter your social security number.","Bitte geben Sie hier Ihre Sozialversicherungsnummer ein."
"You need to define an API password in the module settings.","Sie müssen ein API Passwort in den Moduleinstellungen definieren."
"You need to define an API user id in the module settings.","Sie müssen eine API User ID in den Moduleinstellungen definieren."
"You select to use a own mobile template. However you do not specify any template URL for mobile devices.","Sie haben angegeben, ein eigenes Mobile Template verwenden zu wollen. Allerdings haben Sie keine Template URL für Mobilgeräte angegeben."
"You will be redirect to the order confirmation page.","Sie werden zur Bestätigungsseite weitergeleitet"
"Your browser does not allow the execution of JavaScript. Please activate JavaScript in your browser and reload this page.","Ihr Browser hat keine JavaScript Unterstützung. Bitte aktivieren Sie JavaScript oder wechseln Sie den Browser."
"Your card number is invalid.","Ihre Kartennummer ist ungültig"
"Your card number is invalid. May be you choose the wrong credit card type.","Ihre Kartennummer ist ungültig. Vielleicht haben Sie den falschen Kreditkarten-Typ gewählt"
"OgoneCw Aliases","OgoneCw Alias"
"____paymentMethodName____","____paymentMethodName____"
"Ogone Aliases","Ogone Aliasse"
"Ogone Error","Ogone Fehler"
"Ogone Parameters","Ogone Parameter"
"Ogone Refund Items","Ogone Gutschriftsartikel"
"Ogone Section","Ogone Sektion"
"Ogone Transactions","Ogone Transaktion"
"Ogone:","Ogone:"
"Ogone: Alias Management","Ogone: Alias Management"
"customweb ltd","customweb GmbH"
"no","Nein"
"or","oder"
"yes","Ja"
