"* Required Fields","* Champs requis"
"-- No Status Change --","-- Pas de changement de statut --"
"3D Secure","3D Secure"
"3D Secure Authentication","Authentification 3D Secure"
"3D Secure failed","3D Secure a échoué."
"3D Secure sucess","3D Secure avec succès"
"<span class=""card-expiry-format-note"">The expected format is '!format' where the 'MM' means the month number and 'YY' the year number.</span>","<span class=""card-expiry-format-note"">Le format doit être '!format' où le 'MM' veut indiquer le numéro du mois et 'AA' le numéro de l'année.</span>"
"A authorized transaction cannot be authorized again.","Une transaction autorisée ne peut pas être autorisée à nouveau."
"A authorized transaction cannot be marked as failed.","Une transaction autorisée ne peut pas être marquée comme échouée"
"A cancelled transaction cannot be authorized.","Une transaction annulée ne peut pas être autorisée."
"A cancelled transaction cannot be cancelled again.","Une transaction annulée ne peut pas être annulée à nouveau."
"A cancelled transaction cannot be captured.","Une transaction annulée ne peut pas être comptabilisée"
"A cancelled transaction cannot be marked as failed.","Une transaction annulée ne peut pas être marquée comme échouée."
"A cancelled transaction cannot be refunded.","Une autorisation annulée ne peut pas être remboursée."
"A captured transaction cannot be authorized.","Une transaction comptabilisée ne peut pas être autorisée."
"A captured transaction cannot be cancelled.","Une transaction comptabilisée ne peut pas être annulée."
"A captured transaction cannot be marked as failed.","Une transaction comptabilisée ne peut pas être marquée comme échouée"
"A failed authorization cannot be authorized.","Une transaction échouée ne peut pas être autorisée."
"A payment method may not available for customers from different counties. You can decide when this availability check should happen. We recommend to set it during authorization","Certains modes de paiement ne sont pas disponible pour des pays spécifiques. Définissez l'instant dans lequel vous voulez que le contrôle de disponibilité soit fait. Nous recommendons séléctionner 'Pendant l'autorisation'."
"A refund was added over !amount.","Un remboursement de !amount a été ajouté."
"A transaction may be uncertain, when the payment is not guaranteed. For example in case the credit card does not participate in the 3D procedure.","Une transaction peut être incertaine si le paiement n'est pas garanti. Par example, si la carte de crédit ne fait pas partie du processus 3D secure."
"A typical pattern of a fraud transaction is a series of refused transaction before one of them is accepted. This setting defines the threshold after any following transaction is marked as uncertain. E.g. a threshold of three will mark any successful transaction after three refused transaction as uncertain.","Un schéma typique d'une opération de fraude est une série de transactions refusée avant l'une de ces transactions soit acceptée. Ce paramètre définit le seuil après toute transaction suivante soit marquée comme incertaine. Par exemple un seuil de trois marquera toute transaction réussie après trois transactions refusées comme incertaine."
"API Password","Mot de passe API"
"API Username","Nom d'utilisateur API"
"About","À propos de nous"
"Acceptance","Acceptance"
"Account Holder Name","Nom du titulaire du compte"
"Account owner name.","Nom du titulaire du compte"
"Action","Action"
"Actions","Actions"
"Activate","Activé"
"Active","Activé"
"Add new","Ajouter un nouveau"
"Additional Information","Informations complémentaires"
"Adjust Qty","Ajuster la quantité"
"Adjustment Discount","Ajustement des rabais"
"Adjustment Fee","Frais d'ajustement"
"After payment selection","Après la sélection du mode de paiement"
"AfterPay","AfterPay"
"Ajax authorization not supported.","Autorisation Ajax pas possible."
"Alias","Alias"
"Alias For Display","Alias pour l'affichage"
"Alias Gateway","Alias Gateway"
"Alias Manager","Alias Manager"
"Alias Token","Alias Token"
"Alias manager","One Click Checkout (Alias Manager)"
"All Customers","Tous les clients"
"All country codes must match.","Tous les codes de pays doivent correspondre."
"Allowed Currencies","Devises autorisés"
"Allowed currencies for this payment method","Devises autorisées pour cette méthode de paiement"
"Already registered?","Déjà inscrit?"
"Always Checkout as Guest","Toujours commander en tant qu'invité"
"American Express","American Express"
"Amount","Montant"
"Amount Incl. Tax","Montant Incl. Impôt"
"An expiry month must be selected.","Un mois d'expiration doit être sélectionné."
"An expiry year must be selected.","Une année d'expiration doit être sélectionnée."
"Are you a German merchant?","Êtes-vous un marchand allemand?"
"Are you sure you want to cancel this order?","Êtes-vous sûr d'annuler cette commande?"
"Austria (AT)","Autriche (AT)"
"Author","Auteur"
"Authorization Amount","Montant de l'autorisation"
"Authorization Failed","Autorisation a échouée"
"Authorization Method","Mode d'autorisation"
"Authorization is uncertain.","Autorisation est incertaine"
"Authorization refused","Autorisation refusée"
"Authorized Status","Statut autorisé"
"Await Notification","Attendre la notification"
"Awaiting confirmation","En attente de confirmation"
"BIC","BIC"
"Background Color","Couleur d'arrière-plan"
"Bad signature format.","Format de signature incorrect"
"Bank Location","Lieu de la banque"
"Bank Name","Nom de la banque"
"Bank account number","Número du compte bancaire"
"Bank code number","Numéro de code banquaire"
"Before payment selection","Avant la sélection du mode de paiement"
"Belgium (BE)","Belgique (BE)"
"BillPay","BillPay"
"Billing Address","Adresse de facturation"
"Billing Information","Information de facturation"
"Billing address","Billing address"
"Billpay","BillPay"
"Brand","Marque"
"Brand Country","Code du pays de la carte"
"Brand Name","Nom de marque"
"Brand and card number do not match.","Type de la carte et numéro de la carte ne correspondent pas"
"Button Background Color","Couleur d'arrière-plan de bouton"
"Button Text Color","Bouton couleur du texte"
"By setting the capturing the reservation can be captured directly after the order or later manually over the backend of the store.","En configurant la capture, les réservations peuvent être capturés directement après la commande ou plus tard manuellement depuis le backend du magasin."
"CVC Code","Code de sécurité (CVC)"
"Cancel","Annuler"
"Cancel ID","Cancel ID"
"Cancel pending orders when out of stock","Annuler les commandes en attentes si l'article n'est pas en stock"
"Cancel status","Statut d'annulation"
"Canceled OgoneCw","OgoneCw Annulé"
"Canceling of this payment not possible!","L'annulation de ce paiement n'est pas possible!"
"Cancelled Status","Statut Annulé"
"Cannot update item quantity.","Vous ne pouvez pas mettre à jour la quantité de l'article."
"Capture (Don't Close)","Capture (Don't Close)"
"Capture Amount","Montant de comptabilisation"
"Capture ID","ID de comptabilisation"
"Capture amount","Montant comptabilisé"
"Capture information","Information de comptabilisation"
"Capture status","Statut de combtabilisation"
"Captured Amount","Montant comptabilisé"
"Captured Status","Statut de capture"
"Captures","Comptabilisations"
"Captures & Refunds","Captures et Remboursements"
"Capturing","Comptabiliser"
"Card Expiration","Date d'expiration de la carte"
"Card Expiry Date","Date d'expiration"
"Card Holder Name","Titulaire de la carte"
"Card IP address country does not match with the billing country.","Le pays de l'adresse IP de la carte ne correspond pas avec le pays de facturation."
"Card Number","Numéro de la carte"
"Card issue country was on the black list and hence the transaction is marked as uncertain.","Le pays de la carte pays était sur la liste noire. L'opération a été marquée comme incertaine."
"Card issue country was on the white list and hence the transaction is marked as uncertain.","Le pays de la carte était sur la liste blanche. L'opération a été marquée comme incertaine."
"Card issuer country does not match with the IP address country.","Pays de l'émetteur de la carte ne correspond pas avec le pays de l'adresse IP."
"Card issuer country does not match with the billing country.","Pays de l'émetteur de la carte ne correspond pas avec le pays de facturation."
"Carrier Title","Titre du transporteur"
"Carte Bleue","Carte Bleue"
"Check out faster","Commander plus vite"
"Check to activate the external checkout.","Marquer cette option pour activer la vérification externe."
"Checkout","Checkout"
"Checkout as Guest","Checkout en tant qu'invité"
"Checkout as a Guest or Register","Passer à la caisse en tant que client ou créer un compte"
"Checkout as a new customer","Commander en tant que nouveau client"
"Checkout using your account","Commander en utilisant votre compte"
"Checkout with MasterPass.","Payer avec MasterPass."
"Choose settlement after order in case you want an invoice to be created with your oder. The state of the invoice will set according to your capture status.","Séléctionnez 'Génération après la commande' si vous voulez qu'une facture soit créée pour la commande. Le statut de la facture sera celui du statut de la comptabilisation."
"Company Commercial Number","Société Nombre de commerce"
"Confirm Password","Confirmer le mot de passe"
"Continue","Continuer"
"Copy the SHA-IN signature in the module and in the back-end of Ogone under the menu Technical Information > Origin Verification.","Copiez la signature SHA-IN dans le module et dans le backend de Ogone dans le menu Technical Information > Origin Verification."
"Copy the SHA-OUT signature in the module and in the back-end of Ogone under and Technical Information > Transaction Feedback.","Copiez la signature SHA-OUT dans le module et dans le back-end de Ogone sous Technical Information > Transaction Feedback."
"Could not convert object of type '!type' to string.","Impossible de convertir objet de type '!type' à string."
"Could not find a brand for the given card number.","Impossible de trouver une marque pour le numéro de carte donnée."
"Could not find pressed button.","Impossible de trouver le bouton pressé."
"Could not find template file at default location '!location'.","Impossible de trouver le fichier template dans le répertoire par défaut '!location'."
"Could not find the payment method !paymentMethodName.","Impossible de trouver le mode de paiement !paymentMethodName."
"Could not load layout from URL !url. Reason: !reason","Impossible de charger le template à partir de l'URL !url. Raison: !reason"
"Country Check","Vérification des pays"
"Create Account","Créer un compte"
"Create New Order - Payment","Créer nouvelle commande - Paiement"
"Create a recurring payment, with an existing alias is not supported","Création d'un paiement récurrent avec un alias existant n'est pas possible."
"Create the SHA signatures (SHA-IN and SHA-OUT) with the !linkStart SHA signatures generator !linkEnd.","Créer les signatures SHA (SHA-IN et SHA-OUT) avec le !linkStart générateur de signatures SHA !linkEnd."
"Creating an account has many benefits:","La création d'un compte a de nombreux avantages:"
"Creation Date","Date de création"
"Credit Card Brands","Types de cartes de crédit"
"Credit Memo History","Histoire de note de crédit"
"Credit Memo Totals","Totaux note de crédit"
"Credit memo's total must be positive.","Total de note de crédit doit être positive."
"Currency","Monnaie"
"Current Configuration Scope:","Champ d'application actuel de la configuration:"
"Customer Account","Compte client"
"Customer Alias Management","Gestion des Alias du client"
"Customer failed to pay","Le client n'a pas pu payer"
"Customer successfully returned from OgoneCw","Le client est retourné de OgoneCw avec succès"
"Customer successfully returned from Ogone","Client retourné avec succès de la page de paiement de OgoneCw."
"Customer sucessfully returned from the OgoneCw payment page.","Client retourné avec succès de la page de paiement de OgoneCw."
"Customers","Clients"
"Customweb","Customweb"
"Date","Date"
"Date of Birth","Date de naissance"
"Day","Jour"
"Deactivate","Désactiver"
"Dear customer we have received your billing and shipping information. In order to finish your order please create an account below or checkout as guest.","Cher client, nous avons reçu votre information de facturation et de livraison. Pour terminer votre commande veuillez créer un compte ci-dessous ou continuez en tant qu'invité."
"Dear customer, it appears to us that your payment was successful, but we are still waiting for confirmation. You can wait on this page and we will redirect you after we received the confirmation. Or you can close this window and we will send out an order confirmation email.","Cher client, il nous semble que votre paiement a été un succès, mais nous sommes toujours en attente de la confirmation. Vous pouvez attendre sur cette page et vous serez redirigé après que nous ayons reçu la confirmation. Vous pouvez aussi fermer cette fenêtre et nous vous enverrons un e-mail de confirmation de la commande."
"Default Config","Configuration par défaut"
"Default Values","Valeurs par défaut"
"Deferred","Differé"
"Deferred (authorization)","Différé (autorisation)"
"Deferred capturing","Comptabilisation retardée"
"Deferred settlement","Génération retardée"
"Define a maximal order total for this checkout to be available.","Définir un total de commande maximale pour que ce checkout soit disponible."
"Define a minimal order total for this checkout to be available.","Définir un total de commande minimale pour que ce checkout soit disponible."
"Define here the title which is shown on the payment page. If no title is defined here the default one is used.","Define here the title which is shown on the payment page. If no title is defined here the default one is used."
"Delayed","Differé"
"Delete","Effacer"
"Delivery address","Delivery address"
"Denmark (DK)","Danemark (DK)"
"Description","Description"
"Diners Club","Diners Club"
"Direct Debits","Direct Debits"
"Direct E-Banking","Sofort Banking"
"Direct Link","Direct Link"
"Direct capture after order","Directement après la commande"
"Directly after order","Directement après la commande"
"Directly after order (sale)","Directement après la commande"
"Disabled","Désactivé"
"Discount","Rabais"
"Discount Amount","Montant du rabais"
"Discover Card","Discover"
"Do never mark the transaction as uncertain, except those from countries listed below.","Ne jamais marquer la transaction incertaine, à part les commandes des pays séléctionné ci-dessous."
"Don't change order status","Ne pas modifier le statut de la commande"
"Don't change the layout of the payment page","Ne pas changer le layout de la page de paiement"
"Don't use template (standard Ogone)","Ne pas utiliser de template (standard Ogone)"
"During authorization","Pendant l'autorisation"
"Dynamic Template","Template dynamique"
"Edit","Modifier"
"Edit Invoice #%s","Modifier Facture #%s"
"Email Address","E-mail"
"Empty version number field name","Nom de champ de numéro de version vide"
"Enable or disable logging.","Activer ou désactiver le logging."
"Enable the desired payment methods.","Activer les modes de paiement souhaités."
"Enable the payment method","Activer le mode de paiement"
"Enabled","Activé"
"Enter the PSPID for the test and live (if available) mode.","Insérez le PSPID pour le compte test et le compte de production."
"Enter the PSPID of Ogone.","Insérez la PSPID de Ogone."
"Enter the URLs in the PSP Technical Information > Transaction Feedback. Make sure that the feedback is set to &quot;Online but switch to a deferred request when the online requests fail&quot;.","Insérez les URL's dans la configuration du PSP sous Technical Information > Transaction Feedback. Assurez-vous que le retour est ""Online but switch to a deferred request when the online requests fail""."
"Enter the date on which your card expires.","Veuillez sélectionner la date d’expiration"
"Enter the live SHA-IN passphrase. This value must be identical to the one in the back-end of Ogone.","Insérez la clé SHA-IN du compte de production. Cette valeur doit correspondre à celle du backend de Ogone."
"Enter the live SHA-OUT passphrase. This value must be identical to the one in the back-end of Ogone.","Insérez la clé SHA-OUT du compte de production. Cette valeur doit correspondre à celle du backend de Ogone."
"Enter the test PSPID of Ogone.","Insérez la PSPID de Ogone."
"Enter the test SHA-IN passphrase. This value must be identical to the one in the back-end of Ogone.","Insérez la clé SHA-IN du compte test. Cette valeur doit correspondre à celle du backend de Ogone."
"Enter the test SHA-OUT passphrase. This value must be identical to the one in the back-end of Ogone.","Insérez la clé SHA-IN du compte test. Cette valeur doit correspondre à celle du backend de Ogone."
"Equens (Direct Debits NL)","Equens (Direct Debits NL)"
"Error with the length of the validation date.","Erreur avec la longueur de la date de validation."
"Excl. Tax","Excl. impôt"
"Expiry date contains non-numeric data.","Date d'expiration contient des données non numériques."
"Expiry date is in wrong format.","Date d'expiration a un format incorrect."
"Expiry date must be in the future.","Date d'expiration doit être dans le futur."
"External Checkout","Vérification externe"
"External Checkout: Guest Checkout","Validation externe : Guest Checkout"
"Failed","Raté"
"Failed payment authorization.","L'autorisation a été refusée."
"Failure during cancellation of the transaction. (Cancellation reason: Customer did not pay","Échec lors de l'annulation de la transaction. Raison d'annulation: Le client n'a pas payé"
"Failure during capturing of the transaction. Check the ____paymentServiceProvider____ backend for the current state of the transaction.","Échec au cours de la capture de la transaction. Vérifiez le backend de ____paymentServiceProvider____ pour le statut actuel de la transaction."
"Female","Femelle"
"Figure !number:","Image !number:"
"Finland (FI)","Finlande"
"Font Family","Police"
"For a maintenance request a payment id must be set on the transaction.","Pour une demande d'entretien un ID de paiement doit être réglé sur la transaction."
"Forgot Your Password?","Vous avez oublié votre mot de passe?"
"Forgot your password?","Mot de passe oublié?"
"France (FR)","France (FR)"
"Gender","Sexe"
"Germany","Allemagne (DE)"
"Germany (DE)","Allemagne (DE)"
"Germany (no code)","Allemagne (sans code)"
"Get Update","Mettre à jour"
"Great Britain (GB)","Grande-Bretagne (GB)"
"Green","Vert"
"HTTP Status Changes URL","HTTP Status Changes URL"
"HTTP Status for Refused Payments","Statut HTTP pour les paiements refusés"
"HTTP Status for Successful Payments","Statut HTTP pour les paiements réussis"
"Hash calculation method","Méthode de calculation du hash"
"Here you can define a Shop ID. This is only necessary if you wish to operate several shops with one PSPID. In order to use this module, an additional module is required.","Ici vous pouvez définir une Shop ID. Cela ne est nécessaire si vous souhaitez utiliser plusieures boutiques en ligne avec une seule PSP ID. Pour utiliser cette option, un module supplémentaire est nécessaire."
"Here you can insert an order prefix. The prefix allows you to change the order number that is transmitted to Authorize.net. The prefix must contain the tag {id}. It will then be replaced by the order number (e.g. name_{id}).","Ici vous pouvez insérer un préfixe de la commande. Le préfixe vous permet de changer le numéro de commande qui est transmis à Ogone. Le préfixe doit contenir le tag {id}. Il sera ensuite remplacé par le numéro de commande (par exemple name-{id}). Assurez-vous de ne pas utiliser '_'."
"Here you can insert an order prefix. The prefix allows you to change the order number that is transmitted to Ogone. The prefix must contain the tag {id}. It will then be replaced by the order number (e.g. name_{id}).","Ici vous pouvez insérer un préfixe de la commande. Le préfixe vous permet de changer le numéro de commande qui est transmis à Ogone. Le préfixe doit contenir le tag {id}. Il sera ensuite remplacé par le numéro de commande (par exemple name-{id}). Assurez-vous de ne pas utiliser '_'."
"Hide","Masquer"
"Horizontally grouped logos with no group names","Logos horizontalement groupés avec aucun nom de groupe"
"Horizontally grouped logos with the name on the left side","Logos horizontalement groupés avec le nom sur le côté gauche"
"IBAN","IBAN"
"IBAN number","Número du compte bancaire"
"IP country and billing country code must match.","Pays IP et le code du pays de facturation doivent correspondre."
"IP country code and issuer country code must match.","Code du pays et le code IP du pays émetteurs doivent correspondre."
"If a product is in stock only once and the payment of the customer ordering this product fails or is aborted, it won't be available until the order is canceled (see timeout option below). Enable this setting to cancel the customer's pending orders when he returns to the cart page and a product is not available anymore.","S'il y a qu'une seule pièce de l'article en stock et le paiement du client échoue ou est annulé, cette article ne sera pas disponible jusqu'à que la commande soit annulée (option 'timeout' en bas). Activez cette option si vous voulez que l'article ne soit pas réservé. La commande sera donc annulée immédiatement."
"If a product is in stock only once and the payment of the customer ordering this product fails or is aborted, it won't be available until the order is canceled (see timeout option below). Enable this setting to cancel the customer's pending orders when he returns to the cart page and a product is not available anymore. Be careful though: If you enable this option, there is a chance that payments are made with the corresponding order being already canceled.","Si un produit est en stock qu'une seule fois et le paiement de la commande du client ce produit échoue ou est abandonnée, il ne sera pas disponible jusqu'à ce que la commande est annulée (voir option de temporisation ci-dessous). Activez ce paramètre pour annuler les commandes en attente du client quand il revient à la page de panier et un produit ne sont plus disponible. Attention: Si vous activez cette option, il ya une chance que les paiements sont faits avec la commande correspondante étant déjà annulé."
"If it is not applicable leave the field empty.","Si ce n'est pas applicable veuillez laisser le champ vide."
"If the Alias Manager is used, the intended purpose is shown to the customer on the payment page. Through this the customer knows why his data is saved.","Si l'Alias Manager est utilisé, ceci s'affichera sur sur la page de paiement. Comme ça le client saura pourquoi ses données seront enregistrées."
"If the status is 'Pending' it is unclear whether the transaction will be cancelled successfully.","Si l'état est 'En attente', il est difficile de savoir si la transaction sera annulée avec succès."
"If the status is 'Pending' it is unclear whether the transaction will be captured successfully.","Si l'état est 'En attente', il est difficile de savoir si la transaction sera capturé avec succès."
"If the status is 'Pending' it is unclear whether the transaction will be refunded successfully.","Si l'état est 'En attente', il est difficile de savoir si l'opération sera remboursé avec succès."
"If the test mode is selected the test PSPID is used and the test SHA passphrases.","En mode test, le PSPID de test et clés SHA de test sont automatiquement utilisés"
"If the test mode is selected the test account is used. Otherwise the configured account is used.","Si le mode de test est sélectionné, le compte test sera utilisé. Sinon, le compte configuré sera utilisé."
"If you have any issues with the module please feel free to contact us. See our <a href='https://www.sellxed.com/en/support' target='_blank'>support page</a> for more information.","Si vous avez des problèmes avec le module, n'hésitez pas à nous contacter. Consultez notre <a href='https://www.sellxed.com/en/support' target='_blank'>page d'assistance</a> pour plus d'informations."
"If you select this checkbox, the payment will be captured at the PSP and you can not add additional captures.","En cliquant sur la case, la commande sera capturée chez le prestataire de services de paiement. Il ne sera pas possible de faire d’autres captures."
"If you would like to use recurring payments, you need our magento module ""Customweb Subscription"". For further information go to <a href=""http://www.sellxed.com/shop/"" target=""_blank"">sellxed.com</a>.","Si vous souhaitez utiliser les paiements récurrents, vous avez besoin de notre module de Magento 'Customweb Subscription'. Pour plus d'informations, veuillez aller sur <a href=""http://www.sellxed.com/shop/"" target=""_blank"">sellxed.com</a>."
"Image Brand Selection","Image Brand Selection"
"In case hidden authorization is used, the brand of the credit card is detected by the card number and the card number is validated accordingly. This setting enables the restriction of the allowed brands.","En cas si 'hidden authorization' est utilisé, la marque de la carte de crédit sera détectée par le numéro de la carte et le numéro de la carte sera validée en conséquence. Ce paramètre permet la restriction des marques autorisées."
"In case the payment page is used with this payment method the different credit card brands are listed on the payment page of Ogone. This setting controlls the display of them.","Au cas où la page de paiement est utilisée avec ce mode de paiement des différentes marques de cartes de crédit sont affichés sur la page de paiement de Ogone. Ce paramètre contrôle quelles marques sont affichés."
"In some cases it may take a few seconds until the transaction is successfully authorized. When this option is enabled, the notification is awaited.","Dans certains cas, il peut prendre quelques secondes jusqu'à ce que la transaction soit autorisée avec succès. Lorsque cette option est activée, la boutique attendra la notification quelques secondes."
"In some cases the transaction requires a few seconds until it is successfully authorized. When this option is enabled the user is hold until the transaction reach the final state. If this is not the case in 30 seconds a message is shown to the customer, which explains the situation.","Dans certains cas, l'opération nécessite quelques secondes jusqu'à ce qu'elle est autorisée avec succès. Lorsque cette option est activée l'utilisateur est en attente jusqu'à ce que celle-ci atteigne l'état final. Si ce n'est pas le cas en 30 secondes, un message s'affiche pour le client, qui explique la situation."
"Inactive","Inactif"
"Incl. Tax","Incl. TVA"
"Information","Information"
"Ingenico (Direct Debits AT)","Ingenico (Direct Debits AT)"
"Intended purpose of alias","Emploi prévu de l'alias"
"Invalid CVC format.","Format CVC invalid"
"Invalid expiry month.","Mois d'expiration invalide."
"Invalid login or password.","Nom d'utilisateur inexistant ou mauvais mot de passe."
"Invoice Items","Eléments de la facture"
"Invoice Settlement","Le règlement des factures"
"Invoice Totals","Totaux facture"
"Invoice settlement","Génération de la facture"
"Invoice was created successfully","La facture a été créée avec succès"
"Invoices","Factures"
"Issue Number","Numéro"
"Issuer country code and billing country code.","Code du pays émetteur et le code du pays de facturation."
"It is not possible to checkout in your country.","Paiements de ce pays ne seront pas acceptés."
"Italy (IT)","Italie (IT)"
"Item","Article"
"Items","Articles"
"Items Refunded","Articles Remboursé"
"JCB","JCB"
"Klarna","Klarna"
"Learn More","Découvrir plus"
"Live HMAC Key","Live HMAC Key"
"Live Identifier (PBX_IDENTIFIANT)","Live identifiant (PBX_IDENTIFIANT)"
"Live Mode","Live Mode"
"Live PSPID","Live PSPID"
"Live Password","Mot de passe live"
"Live Rang (PBX_RANG)","Live Rang (PBX_RANG)"
"Live Site ID (PBX_SITE)","Live Site ID (PBX_SITE)"
"Logging","Logging"
"Login","Login"
"Login & Register","Login & Inscription"
"Login and password are required.","Login et mot de passe sont requis."
"Logo","Logo"
"Maestro","Maestro"
"Maestro UK","Maestro UK"
"Mail Order / Telephone Order (MoTo)","Ordre par e-mail/téléphone (MoTo)"
"Mail order/telephone order authorization","Authentification par e-mail / téléphone"
"Make sure that the request method is set to POST.","Assurez-vous que la méthode de demande est mis à POST."
"Male","Mâle"
"Manage Stores","Gérer Magasins"
"Manage Ogone Aliases","Gérer les Alias Ogone"
"Mark all transactions as uncertain, except those from countries listed below.","Marquer toutes les transactions incertaines, sauf les transactions des pays séléctionnés ci-dessous."
"MasterCard","MasterCard"
"MasterPass","MasterPass"
"MasterPass: Order Confirmation","MasterPass: Confirmation de la commande"
"Maximum Order Total","Montant de commande maximal"
"Merchant Origin","Origine du marchand"
"Merchant Reference","Référence de marchand"
"Message","Message"
"Method Title","Titre de la méthode"
"Minimum Order Total","Montant de commande minimal"
"Mobile Template","Mobile Template"
"Mobile Template URL","Mobile Template URL"
"Month","Mois"
"More failed transaction as the configured threshold of failed transactions.","Plus de transactions échouées que la limite de transactions échouées."
"My Ogone Aliases","Mes Alias Ogone"
"Netherlands (NL)","Pays-Bas (NL)"
"New Order","Nouvelle commande"
"New Order Status","Nouvel statut de commande"
"New card","Nouvelle carte"
"Next Update Execution Date","Prochaine mise à jour"
"No","Non"
"No API password was provided.","Mot de passe API n'a pas été fourni"
"No API username was provided.","Aucun nom d'utilisateur API a été fourni."
"No IBAN provided.","L'IBAN n'a pas été fourni."
"No Items","Pas d'objet"
"No PSPID was provided.","L'ID du PSP n'a pas été fourni."
"No additional payment information available.","Aucune information de paiement supplémentaire est disponible."
"No authorization method found for payment method !method.","Aucun mode d'autorisation trouvé pour le mode de paiement !method."
"No button returned.","Pas de bouton retourné."
"No day set in the date of birth field.","Pas de jour situé dans le champ date de naissance."
"No month set in the date of birth field.","Pas de mois de naissance indiqué."
"No refund possible.","Remboursement n'est pas possible"
"No shipping method needed.","Aucun mode de livraison nécessaire."
"No year set in the date of birth field.","Pas d'année configurée dans la date de naissance."
"No, use the dropdown.","Utiliser le menu déroulant"
"Non 3D Secure Behavior","Comportement 3D Secure"
"Non 3D Secure Behavior Country List","Liste des pays pour comportement non 3D Secure"
"None","Aucun"
"Norway (NO)","Norvège (NO)"
"Not Germany","Pas l'Allemagne"
"Notification URL","URL de notification"
"Only an authorized transaction can be marked as finally declined.","Seulement une transaction autorisée peut être marquée comme finalement déclinée."
"Only an uncertain transaction can be marked as finally declined.","Seulement une transaction incertaine peut être marquée comme déclinée."
"Only authorized transaction can be cancelled.","Seulement les transactions autorisées peuvent être annulées."
"Only authorized transaction can be captured.","Seulement les transactions autorisées peuvent être comptabilisées."
"Only authorized transaction can be refunded.","Seulement les transactions autorisées peuvent être remboursées"
"Only captured transaction can be refunded.","Seulement les transaction comptabilisées peuvent être remboursées."
"Only on captured transaction the flag customer refusing to pay can be set.","Il est seulement possible de définir un indicateur pour les clients qui n'ont pas payé sur les transactions capturées."
"Operation Mode","Mode de fonctionnement"
"Operation failed because of error code '@code'.","L'opération a échoué à cause du code d'erreur '@code'."
"Operation is not allowed.","Fonctionnement n'est pas autorisée."
"Operation is not supported.","Cette opération n'est pas acceptée."
"Operation is not supported. For this transaction id, an alias already exists.","Cette opération n'est pas acceptée. Pour cette transaction, il existe déjà un alias."
"Orange","Orange"
"Order #","Numéro de commande"
"Order Description","Description de la commande"
"Order Grand Total","Total de l'ordre"
"Order Information","Informations sur la commande"
"Order Prefix","Préfixe pour la commande"
"Order Review","Revue de la commande"
"Order Summary","Résumé de la commande"
"Order Total","Total de la commande"
"Order cancelled, because the customer was too long in the payment process of Ogone.","la commande a été annulée, parce que le client était trop long dans le processus de paiement de Ogone"
"Order is stored, but not finally authorized or captured.","La commande a été enregistrée mais n'est pas encore complètement autorisée ou comptabilisée."
"Order prefix","Préfixe de la commande"
"Order was placed using %s","Commande a été passée à l'aide de %s"
"Orders","Commandes"
"Orders with with payments that are longer pending than the specified timeout in minutes are cancelled automatically.","Les commandes où les paiements sont suspendu plus longtemps que le timeout spécifié en minutes seront anullées automatiquement."
"PSPID Config","Configuration PSP"
"Paid Amount","Montant payé"
"Partial refund not possible. You may retry with the total transaction amount.","Remboursement partiel n'est pas possible. Le montant est supérieur au montant total."
"Password","Mot de passe"
"Password and password confirmation are not equal.","Mot de passe et confirmation du mot de passe ne sont pas pareils."
"Password for the API user.","Mot de passe pour l'utilisateur API."
"Pay with ____paymentMethodName____","Payer avec ____paymentMethodName____"
"Payment","Paiement"
"Payment ID","ID de paiement"
"Payment Id","Payment ID"
"Payment Information","Conditions de vente"
"Payment Method","Mode de paiement"
"Payment Method Listing","Liste des méthodes de paiement"
"Payment Page Title","Payment Page Title"
"Payment captured successfully.","Paiement a réussi à capturer."
"Payment could not be authorized. Cancelling order. Reason :","Le paiement ne peut être autorisée. Commande annulée. Raison:"
"Payment details can be entered after placing the order","Détails de paiement peuvent être insérés après avoir placé la commande"
"Payment from Applicable Countries","Paiement des pays applicables"
"Payment from Specific Countries","Paiement des pays spécifiques"
"Payment from applicable countries","Paiement des pays applicables"
"Payment from specific countries","Paiement des pays spécifiques"
"Payment is pending at OgoneCw","Payment en attente chez OgoneCw"
"Payment method description","Déscription du mode de paiement"
"Payment with %s","Paiement avec %s"
"Payment with Ogone","Paiement avec  Ogone"
"Payments may be updated periodically (interval in minutes). To use this feature you have to setup magento cron","Les paiements peuvent être actualisés automatiquement (interval en minutes) via API (si activé). Pour utiliser ce fonctionnement il faut configurer un cron pour Magento."
"Pending","En attente"
"Pending OgoneCw","OgoneCw En attente"
"Phone Number","Numéro de téléphone"
"Place Order","Soumettre la commande"
"Please agree to all the terms and conditions before placing the order.","Veuillez accepter les conditions générales avant de passer la commande."
"Please check the entered CVC number.","Veuillez vérifier le numéro CVC entré."
"Please check the entered credit card number.","Veuillez vérifier le numéro de carte de crédit indiqué."
"Please enter here a salutation.","Veuillez insérer votre signature."
"Please enter here the Bank Identifier Code (BIC).","Veuillez insérer ici le code d'identification de banque (BIC)."
"Please enter here the CVC code from your card. You find the code on the back of the card.","Insérez le code de sécurité de la carte. Vous le trouverez à l’arrière de la carte"
"Please enter here the International Bank Account Number (IBAN).","Veuillez insérer l'IBAN de votre compte banquaire."
"Please enter here the account holder name on the card.","Veuillez insérer ici le nom du titulaire de la carte."
"Please enter here the account holder name.","Veuillez insérer ici le nom du titulaire du compte."
"Please enter here the account number of your bank account.","Veuillez insérer l'IBAN de votre compte banquaire."
"Please enter here the bank code of your bank.","Veuillez insérer le code de votre banque."
"Please enter here the card holder name on the card.","Veuillez insérer le nom du titulaire de la carte"
"Please enter here the commercial number of your company.","Il faut insérer le numéro de commerce de votre entreprise."
"Please enter here the name of the account owner.","Vous devez insérer le titulaire de compte"
"Please enter here the number on your card.","Veuillez insérer le numéro de carte bancaire."
"Please enter here the sales tax number of your company.","Veuillez insérer ici le numéro de taxe de vente de votre entreprise."
"Please enter here your phone number.","Veuillez insérer votre numéro de téléphone ici."
"Please enter here your social security number.","Veuillez insérer votre numéro de sécurité sociale."
"Please enter the location of your bank.","Vous devez insérer le lieu de votre banque."
"Please enter the name of your bank.","Veuillez insérer ici le nom de votre banque."
"Please enter your IBAN number.","Veuillez insérer votre numéro IBAN."
"Please enter your issue number, if there is no CVC code on your card.","Veuillez insérer votre numéro, s'il n'y a pas de code CVC de votre carte."
"Please enter your salutation.","Please enter your salutation."
"Please enter your salution.","Veuillez insérer votre signature."
"Please flash or disable the cache storage and retry. If this did not help, change the authorization method to PaymentPage and <a href=""%s"" target=""_blank"">contact sellxed</a>.","Veuillez vider ou désactiver votre cache et essayer à nouveau. Si cela n'aide pas à résoudre le problème, veuillez changer la méthode d'autorisation à Payment Page et <a href=""%s"" target=""_blank"">contactez le support sellxed</a>."
"Please flash or disable the cache storage and retry. If this did not help, change the authorization method to PaymentPage and <a href=""%s"" target=""_blank"">contact sellxed</a>.', 'http://www.sellxed.com/en/support","Veuillez vider votre cache et essayer à nouveau. Si cela n'aide pas à résoudre le problème, changez la méthode d'autorisation à Payment Page et <a href=""%s"" target=""_blank"">contactez le support sellXed.</a>.', 'http://www.sellxed.com/en/support"
"Please flush or disable the cache storage and retry. If this did not help, change the authorization method to PaymentPage and <a href=""%s"" target=""_blank"">contact sellxed</a>.","Veuillez vider ou désactiver le cache et veuillez essayer à nouveau. Si cela n'aide pas à résoudre le problème, changez la méthode d'autorisation sur PaymentPage et contactez <a href=""%s"" target=""_blank"">sellxed</a>."
"Please log in below:","Merci de vous identifier:"
"Please select","Sélectionner s'il vous plaît"
"Please select a shipping method before sending the order.","Sélectionnez un mode de livraison avant d'envoyer la commande."
"Please select the Bank Identifier Code (BIC) of your bank.","Veuillez sélectionner le code d'identification de votre banque. (BIC)"
"Please select the day of your birth.","Veuillez sélectionner le jour de votre naissance."
"Please select the expiry month on your card.","Sélectionnez le mois de l'expiration de votre carte"
"Please select the expiry year on your card.","Veuillez insérer la date d'expiration de la carte."
"Please select the month of your birth.","Veuillez sélectionner le mois de votre date de naissance."
"Please select the the year of your birth.","Veuillez  sélectionner l'année de votre date de naissance."
"Please select your gender.","Veuillez sélectionner votre sexe"
"PostFinance FIS","PostFinance FIS"
"Price","Prix"
"Processor","Processeur"
"Processor Country","Pays de processeur"
"Product","Produit"
"Product Name","Nom du produit"
"Purchase Point","Lieu d'achat"
"Qty","Quantité"
"RatePAY","RatePAY"
"RatePay","RatePay"
"Received status update. The transaction was declined","Mise à jour reçue. La transaction a été refusée."
"Received status update. The transaction was successful","Mise à jour de statut reçue. L'opération a été un succès."
"Received update notification with unexcpected state: !status","Notification de mise à jour avec un statut inattendu: !status"
"Received update notification with unexcpected status: !status","Notification de mise à jour reçue avec le statut inattendu:  !status"
"Recurring Payments","Paiements récurrents"
"Red","Rouge"
"Redirection Parameters generated.","Paramètres de redirection produits."
"Refund Amount","Montant du remboursement"
"Refund ID","ID de remboursement"
"Refund amount","Montant du remboursement"
"Refund information","Information de remboursement"
"Refund status","Statut de remboursement"
"Refunded Amount","Montant du remboursement"
"Refunds","Remboursements"
"Refused Transaction Threshold","Seuil de Transaction refusée"
"Register","Inscrivez-vous"
"Register to Create an Account","S'inscrire pour créer un compte"
"Register with us for future convenience:","Inscrivez-vous chez nous pour plus de commodité dans l'avenir:"
"Release Date","Date de sortie"
"Remove","Supprimer"
"Reset","Réinitialiser"
"Review","Review"
"Risk Category","Catégorie de risque"
"Risk Scoring","Score du risque"
"Rounding Adjustment","Ajustements d'arrondi"
"Row Total","Total de la ligne"
"SAH IN signature is wrong.","La signature SHA IN n'est pas correcte."
"SEPA Mandate ID","SEPA Mandate ID"
"SHA-1","SHA-1"
"SHA-256","SHA-256"
"SHA-512","SHA-512"
"SHA-IN Passphrase","Clé SHA-IN"
"SHA-OUT Passphrase","Clé SHA-OUT"
"SKU:","SKU:"
"Sales","Ventes"
"Sales Tax Number","Numéro de taxe de vente"
"Salutation","Formule d'appel"
"Save","Sauvegarder"
"Saved cards:","Cartes enregistrées:"
"See order and shipping status","Voir le statut de la commande et le statut de livraison"
"Select Brand","Sélectionnez le type de la carte"
"Select Method","Sélectionner la méthode"
"Select the authorization method to use for processing this payment method.","Sélectionnez un mode d'autorisation pour le traitement de ce mode de paiement."
"Select the country code defined in the backend of Ogone for this payment method.","Sélectionnez le code de pays défini dans le backend de Ogone pour ce mode de paiement."
"Select the country to process your bank transfers.","Sélectionnez le pays pour traiter vos virements bancaires."
"Select the date of your birth.","Veuillez sélectionner votre date de naissance."
"Select the date on which your card expires.","Séléctionnez la date d'expiration de la carte."
"Select the hash calculation method to use. This value must correspond with the selected value in the back-end of Ogone.","Sélectionnez la méthode de calculation du hash. Cette valeur doit correspondre à celle du backend deOgone."
"Select the processor for direct debit transactions.","Sélectionnez le processeur pour le prélèvement automatique."
"Select the processor for installments.","Sélectionnez les processeurs pour les versements."
"Select the processor for open invoice.","Choisissez le processeur pour open invoice."
"Select your gender","Veuillez sélectionner votre sexe"
"Send Invoice Email","Envoyer un e-mail avec la facture"
"Send amounts to Ogone in base currency.","Envoyer des montants à  Ogone dans la devise de base."
"Send amounts to Ogone in store's base currency.","Envoyer les montants à Ogone dans la devise de base de la boutique."
"Send invoice email","Envoyer la facture"
"Send the invoice email automatically after invoice creation.","Envoyer l'email de facture automatiquement après la création de la facture."
"Set direct capture after order. In this case your authoization will directly be captured on your customer's credit card","Si vous séléctionnez 'Comptabilisation dirècte' le montant sera tout de suite débité de la carte du client. Si vous séléctionnez 'Comptabilisation retardée' le montant sera débité avec un certain temps défini par vous."
"Set the sort order to show the external checkouts.","Définir l'ordre de montrer les checkouts externes."
"Settlement after order","Génération après la commande"
"Setup","Setup"
"Shipping & Handling","Livraison"
"Shipping Address","Adresse de livraison"
"Shipping Amount","Montant des frais de livraison"
"Shipping Information","Informations sur la livraison"
"Shipping Method","Mode de livraison"
"Shipping Methods","Modes de livraison"
"Shipping Refund","Remboursement des frais de livraison"
"Shop","Shop"
"Shop ID","Shop ID"
"Short Installation Instructions:","Instructions d'installation:"
"Should the amount be captured automatically after the order (direct) or should the amount only be reserved (deferred)?","Est-ce que le montant doit être comptabilisé automatiquement après la commande (direct) ou est-ce que le montant doit seulement être réservé (différé)?"
"Show","Voir"
"Show Account Selection","Voir la sélection de compte"
"Show Further Settings and Information","Afficher plus de paramètres et d'informations"
"Show Image","Afficher Image"
"Show Payment Id","Afficher Payment ID"
"Show the payment id","Présenter l'ID de paiement"
"Show the payment id in the order information","Afficher l'ID de paiement dans le bon de commande"
"Show the payment image","Montrer l'image de paiement"
"Show the payment image on the checkout page","Montrer l'image de paiement sur la page de paiement"
"Sign In","Connexion"
"Slovakia","Slovaquie"
"Social Security Number","Numéro de sécurité sociale"
"Solo Card","Solo Card"
"Some cards are not enrolled for the 3D secure process and you may exclude some cards from performing a 3D secure authorization. This setting controls, what should happend with these transactions. This setting requires that the parameter 'CCCTY' is returned.","Certaines cartes ne sont pas inscrites pour le processus sécurisé 3D et vous pouvez exclure certaines cartes d'exercer une autorisation sécurisé 3D. Ce paramètre contrôle, ce qui devrait arriver à ces opérations. Ce paramètre nécessite que le paramètre 'CCCTY' soit retourné."
"Some credentials for the API access are invalid. Error Code: !code","Certaines informations pour l'accès à l'API ne sont pas valides. Code d'erreur: !code"
"Some input was invalid.","Données invalides"
"Sort Order","Ordre De Tri"
"Static Tempalte Css","Static Template CSS"
"Static Template Css","Static Template CSS"
"Status","Statut"
"Status after HTTP Update Payment Received Status","Etat après le l'état 'HTTP Update Paiement reçu'"
"Store the payment details","Enregistrer les détails de paiement"
"Stored payment details","Détails de paiement enregistrées"
"Submit Order","Confirmer la commande"
"Submitting order information...","Soumission des données de la commande..."
"Subtotal","Sous-total"
"Success","Succès"
"Successful","Succès"
"Successful online refund of amount","Remboursement en ligne réussie de montant"
"Successful payment authorization.","Paiement autorisé"
"Successfull online refund of amount","Remboursement en ligne réussie de montant"
"Support","Support"
"Sweden (SE)","Suède (SE)"
"Switzerland (CH)","Suisse (CH)"
"Table Background Color","Couleur d'arrière-plan de tableau"
"Table Text Color","Couleur de texte de la table"
"Tax Amount","Montant de l'impôt"
"Technical issue: This payment methods is not available at the moment.","Problème technique: Cette méthode de paiement n'est pas disponible en ce moment."
"Telego (Direct Debits DE)","Telego (Direct Debits DE)"
"Template URL","URL du template"
"Template URL for own template","URL du template personnalisé"
"Template Url","Template Url"
"Test Account SHA-IN Passphrase","Clé SHA-IN du compte de test"
"Test Account SHA-OUT Passphrase","Clé SHA-OUT du compte de test"
"Test Mode","Mode test"
"Test PSPID","Test PSPID"
"Test Transaction","Transaction de test"
"Text Color","Couleur du texte"
"The 'account number' field cannot be empty.","Le champ 'numéro de compte' ne peut pas être vide."
"The 'account owner' field cannot be empty.","Le champ 'propriétaire du compte' ne peut pas être vide."
"The 'account_number' field cannot be longer than 10 digits.","Le champ 'account_number' ne peut pas être plus long que 10 chiffres."
"The 'account_number' field must be 11 digits long.","Le champ 'account_number' doit avoir 11 chiffres."
"The 'bank code' field cannot be empty and it must be 5 digits long.","Le champ 'bank code' ne peut pas être vide et doit avoir 5 chiffres."
"The 'bank code' field cannot be empty and it must be 8 digits long.","Le champ 'bank code' ne peut pas être vide et doit avoir 8 chiffres."
"The CVC code is too long.","Le code CVC est trop long."
"The CVC contains invalid chars.","Le CVC contient les caractères non valides."
"The Font Family that will be used","La famille de polices qui sera utilisé."
"The HMAC key as defined in the live backoffice of Ogone. You may need generate the HMAC key. Please take a look at the manual how to do this.","La clé HMAC tel que défini dans le backoffice de production de Ogone. Vous devrez peut-être générer la clé HMAC. Veuillez jeter un coup d'oeil sur le manuel pour savoir comment faire cela."
"The PSPID as given by the Ogone.","PSPID de Ogone."
"The SEPA mandate schema does not contain the tag '!tag'. This tag is required.","Le schéma de mandat SEPA ne contient pas le mot-clé '!tag'. Ce mot-clé est obligatoire."
"The SHA signature of the 3D Secure callback was not valid.","La signature SHA du rappel 3D Secure n'est pas valide."
"The SHA signatures do not match.","Les signatures SHA ne correspondent pas."
"The URL indicated here is rendered as Template. For this you must select option 'Use own template'. The URL must point to an HTML page that contains the string '$$$PAYMENT ZONE$$$'. This part of the HTML file is replaced with the form for the credit card input.","L'URL fourni ici est passé comme template. Pour cela, vous devez sélectionner l'option 'Utiliser template personnalisé'. L'URL doit pointer vers une page HTML qui contient le string '$$$PAYMENT ZONE$$$'. Le string du fichier HTML sera remplacé par la forme de l'entrée de paiement."
"The URL indicated here is used to rendered the template for mobile devices. This field is only considered when the option mobile template is set to 'Use own template'.","L'URL indiquée ici est utilisée pour le rendu du template pour les appareils mobiles. Ce champ est utilisé seulement lorsque l'option template mobile est défini sur 'Utiliser le template propre'."
"The acquiring system is not available. Hence the authorization is not completed.","Le système de l'acquéreur n'est pas disponible. L'autorisation n'est donc pas complète."
"The alias could not be found.","L'alias na pas été trouvé."
"The alias has been deleted.","L'alias a été supprimé."
"The alias manager allows the customer to select from a credit card previously stored. The credit card data is stored by Ogone.","Le alias manager permet au client de sélectionner à partir d'une carte de crédit précédemment stockée. Les données de carte de crédit sont stockées par Ogone."
"The alias transaction could not be conductet with error code: !code, and reason: !reason:","La transaction alias n'a pas pu être réalisée. Code d'erreur: !code et raison: !reason"
"The amount could not be verified.","Le montant n'a pas pu être vérifié."
"The amount of !amount is authorized.","Le montant de !amount est autorisé."
"The amount of !amount is captured.","Le montant de !amount est capturé."
"The authorization could not be completed, due to a delayed external validation of the payment.","L'autorisation n'a pas pu être completée à cause d'un délai avec la validation extèrne du paiement."
"The authorization declined by the aquirer.","L'autorisation a été refusée par l'acquéreur"
"The authorization is refused.","L'autorisation a été refusée."
"The authorization method '!method' is not supported.","Le mode d'autorisation '!method' n'est pas accepté."
"The authorization was not successful","Erreur d'autorisation. Autorisation sans succès."
"The brand of the credit card is detected by the card number if hidden authorization is used. If the payment page is used, the user has to select the brand. The allowed credit card brands can be restricted by this setting.","Le type de la carte de crédit est détecté par le numéro de la carte si une autorisation cachée est utilisé. Si la page de paiement est utilisé, l'utilisateur doit sélectionner la marque. Les marques de cartes de crédit autorisés peuvent être limitées par ce paramètre."
"The brand with external name '!key' was not present in the map.","La marque avec le nom externe '!key' n'était pas présent dans la carte."
"The brand with key '!key' was not found in the card information map.","La marque '!key' n'a pas été trouvée dans les marques disponibles."
"The cancellation could not be conducted. Error code: !error.","L'annulation n'a pas pu être réalisée. Code d'erreur: !error."
"The cancellation is processed offline.","L'annulation est traitée offline."
"The capture amount (!captureAmount) cannot be greater than the authorized amount (!authorizedAmount).","Le montant de comptabilisation (!captureAmount) ne peut pas être supérieur au montant autorisé (!authorizedAmount)."
"The capture item with SKU '@sku' has a higher amount (@amountItem) as the original item (@amountOriginal).","L'élément de capture avec SKU '@sku' a un montant plus élevé (@amountItem) comme l'élément d'origine (@amountOriginal)."
"The capture item with SKU '@sku' is not present in the original order.","L'élément de capture avec SKU '@sku' n'est pas présent dans la commande original."
"The capturing could not be conducted. Error code: !error.","La capture n'a pas pu être réalisée. Code d'erreur: !error."
"The capturing is in progress.","La comptabilisation est en cours"
"The capturing is in uncertain.","La comptabilisation est incertaine"
"The card brand selection is automatically done depending on the entered card number. If no Javascript is active in the browser, a drop down is shown. In case JavaScript a the brand logos can be shown. Should the brand selection using images?","La sélection de la marque de la carte se fait automatiquement à partir du numéro de carte inséré. Si Javascript n'est pas actif dans le navigateur, un menu déroulant apparaît. Si JavaScript est activé, les logos de marques peuvent être affichées. Afficher les logos au lieu du menu déroulant?"
"The card number contains invalid chars.","Le numéro de carte contient des caractères non valides."
"The card number is too long.","Le numéro de carte est trop long."
"The card number is too short.","Le numéro de carte est trop court."
"The cardholder name is missing.","Il manque le nom du titulaire"
"The cardholder name is too long.","Le nom du titulaire est trop long."
"The checkout process was not successful. Please try again.","Le processus de la commande n'a pas réussi. Veuillez réessayer."
"The colors can be specified by their hexadecimal code (#FFFFFF) or their name (white).","Les couleurs peuvent être spécifiées par leur nom (white) ou leur code hexadécimal (#FFFFFF)."
"The configuration has been saved.","La configuration a été enregistrée."
"The controller class '@controller' does not provide any method with annotation 'Customweb_Payment_Endpoint_Annotation_ExtractionMethod' and valid output.","Le contrôleur '@controller' ne fournit pas de méthode avec l'annotation 'Customweb_Payment_Endpoint_Annotation_ExtractionMethod' et de données valides."
"The countries listed in this field are used to mark transaction as uncertain. The behavior depends on the setting above 'Non 3D Secure Behavior'. The country code is taken from the card. You need to make sure you return the parameter 'CCCTY'. As indicated by Ogone this value is only for 94% of the transaction correct. The list below must be a comma separated list of country codes. The codes must be in ISO 3166-2 format (e.g. DE,IT,FR).","Les pays listés dans ce champ sont utilisés pour marquer transaction comme incertaine. Le comportement dépend du réglage ci-dessus 'Non 3D Secure Behavior'. Le code du pays est pris à partir de la carte. Vous devez vous assurer que vous retournez le paramètre 'CCCTY'. Comme indiqué par Ogone, cette valeur est seulement correct pour 94% des transactions. La liste ci-dessous doit être séparée par des virgules après chaque code de pays. Les codes doivent être au format ISO 3166-2 (par exemple, DE, IT, FR)."
"The credit card is expired.","La carte de crédit est expiré."
"The customer does not finish the payment with in the timeout.","Le client n'a pas fini le paiement dans le délai imparti."
"The data will be processed offline.","Les données seront traitées hors ligne."
"The date of birth is required.","La date de naissance doit être indiquée."
"The entered salutation is too long. It can not be longer than 5 chars.","La salutation saisie est trop longue. Max 5 caractères."
"The expiry date is invalid.","La date d'expiration n'est pas valide"
"The gender is required.","Le sexe doit être spécifié."
"The given CVC code has the wrong length.","Le code CVC inséré a une longeur incorecte."
"The given card number has an invalid check sum.","Le numéro de carte donné a une somme de contrôle invalide."
"The given card number has an invalid length.","Le numéro de carte inséré a une longueur invalide."
"The given currency (!currency) is not 3 chars long. It must be in the ISO 4217 format.","La monnaie donnée (!currency) n'est pas 3 caractères de long. Le format doit être ISO 4217."
"The given hmac key is empty.","La clé HMAC donnée est vide."
"The given identifier is empty.","L'identificateur donné est vide."
"The given password is empty.","Le mot de passe donné est vide."
"The given rang is empty. It must be a nummeric value with length of two.","Le champ 'rang' donné est vide. Il doit être une valeur nummerique avec une longueur de deux."
"The given rang is invalid. It must be a nummeric value with length of two.","Le champ 'rang' n'est pas valide. Il doit être une valeur numérique avec une longueur de deux."
"The given site number is empty.","Le nombre de site donné est vide."
"The identifier as defined in the backoffice of Ogone.","L'identifiant tel que défini dans le backoffice de Ogone."
"The invoice could not be captured and processed by","La facture n'a pas pu être comptabilisée et traitée par Ogone."
"The invoice could not be captured and processed. Reason:","La facture n'a pas pu être capturée et traitée. Raison:"
"The invoice could not be found.","La facture n'a pas été trouvée."
"The invoice has been changed.","La facture a été changé."
"The invoice no longer exists.","La facture n'existe plus."
"The layout does not contain the tag '!layout_tag'.","Le layout ne contient pas le mot-clé '!layout_tag'."
"The module can perform a check of the country code provided by the issuer of the card, the IP address country and the billing address country. In case they do not match, the transaction is marked as uncertain. This setting does not override any other rule for marking transaction as uncertain.","Le module peut effectuer une vérification du code de pays fourni par l'émetteur de la carte, du pays de l'adresse IP et du pays de l'adresse de facturation. Au cas où ils ne correspondent pas, la transaction est marquée comme incertaine. Ce paramètre ne se substitue à aucune autre règle pour le marquage transaction comme incertaine."
"The next update execution date indicates when the next cron is run to update the transaction state.","La prochaine date d'exécution de mise à jour indique lorsque le cron suivant sera exécuté pour mettre à jour l'état de la transaction."
"The notification failed because the SHA signature seems not to be valid.","La notification a échoué parce que la signature SHA ne semble pas être valide."
"The order is not fully completed. Please contact the store owner.","Le paiement ne peut être effectué."
"The parameters ""3DSIGNVAL"" was false.","Le paramètre ""3DSIGNVAL"" était faux."
"The payment could not be authorized, because it is not certain.","Le paiement n'a pas pu être autorisé, car il n'est pas certain."
"The payment form will be displayed after submitting the order.","La forme de paiement sera affichée après avoir confirmé la commande."
"The payment has been accepted.","Le paiement a été accepté"
"The payment has been denied.","Le paiement a été refusé."
"The payment is not finished. Hence it must be manually checked.","Le paiement n'est pas complet. Il faut donc le contrôler manuellement."
"The payment is refused.","Le paiement a été refusé"
"The payment method !paymentMethodName does not support the currency '!currency'.","La méthode de paiement !paymentMethodName ne supporte pas la devise '!currency'."
"The payment method !paymentMethodName is not available in your country ('!country').","La méthode de paiement !paymentMethodName n'est pas disponible dans votre pays ('!country')."
"The payment update has been made.","La mise à jour de paiement a été effectué."
"The provided PSPID is empty. Please check the module settings.","Le PSP ID fourni est vide. Veuillez vérifier les paramètres de module."
"The provided signature does not match with the one calculated.","La signature fournie ne correspond pas à celle calculée."
"The rang (PBX_RANG) as defined in the live backoffice of Ogone. It must be nummeric value with length two. In the backoffice it may be displayed as a three char value. You must truncate the first digit.","Le champ 'rang' (PBX_RANG) tel que défini dans le backoffice de production de Ogone. Il doit être nummeric avec deux caractères de long. Dans le backoffice il peut être affiché comme trois caractères. Vous devez tronquer le premier chiffre."
"The refund is in progress.","Le remboursement est en cours."
"The refund is in uncertain.","Le remboursement est incertain"
"The refund item with SKU '@sku' has a higher amount (@amountItem) as the original item (@amountOriginal).","L'article de remboursement avec SKU '@sku' a un montant plus élevé (@amountItem) comme l'article d'origine (@amountOriginal)."
"The refund item with SKU '@sku' is not present in the original order.","L'article de remboursement avec SKU '@sku' n'est pas présent dans la commande originale."
"The refunding could not be conducted. Error code: !error.","Le remboursement n'a pas pu être réalisé. Code d'erreur: !error."
"The request does not contain a 'SHASIGN' parameter. The cause is that the callback in the background is not executed.","La demande ne contient pas de paramètre 'SHASIGN'. La cause est que le callback n'est pas exécuté."
"The result of the authorization is not known.","Résultat de l'autorisation inconnu."
"The salutation can not be longer than 5 chars.","La salutation ne peut pas contenir plus de 5 caractères."
"The server response was not valid. Response: @response","La réponse du serveur n'était pas valide. Réponse: @response"
"The shopping cart has been altered!","Le panier a été changé!"
"The signature could not be verified.","La signature ne peut pas être vérifiée."
"The site id (PBX_RANG) as defined in the backoffice of Ogone.","L'identifiant du site (PBX_RANG) tel que défini dans le backoffice de Ogone."
"The test PSPID as given by the Ogone.","Test PSPID de Ogone."
"The total refund amount (!totalRefundedAmount) cannot be greater than the captured amount (!capturedAmount).","Le montant total du remboursement (!totalRefundedAmount) ne peut pas être supérieur à la quantité capturée (!capturedAmount)."
"The transaction cannot be cancelled online.","La transaction ne peut être annulée en ligne."
"The transaction cannot be captured online.","La transaction ne peut être capturée en ligne"
"The transaction cannot be refunded online.","La transaction ne peut être remboursé en ligne."
"The transaction could not be cancelled. Details: @details","La transaction n'a pas pu être annulée. Détails: @details"
"The transaction could not be captured. Details: @details","La transaction n'a pas pu être comptabilisé. Détails: @details"
"The transaction could not be refunded. Details: @details","La transaction ne peut pas être remboursé. Détails: @details"
"The transaction failed due to a unkown reason.","La transaction a échoué à cause d'une raison inconnue."
"The transaction failed with error code !code.","L'opération a échoué avec le code d'erreur: !code."
"The transaction id is incorrect.","L'ID de la transaction est incorrect."
"The transaction is cancelled.","La transaction a été annulée"
"The transaction is only executed in the test system. The goods should not be delivered.","La transaction a est exécutée uniquement dans le système de test. Les produits ne doivent pas être livrés."
"The transaction was refused, but the cancellation failed","La transaction a été refusée, l'annulation a échoué."
"The whole transaction is cancelled.","Toute la transaction a été annulée."
"There has been a problem during the processing of your payment.","Il y a eu un problème lors du traitement de votre paiement."
"There has been a problem during the processing of your payment. Please contact the shop owner to make sure your order was placed successfully.","Il ya eu un problème lors du traitement de votre paiement. Veuillez contacter le propriétaire de la boutique pour vous assurer que votre commande a été placée avec succès."
"There is a problem with your license. Please contact us (www.sellxed.com/support). Reason: %1","Il y a un problème avec votre licence. S'il vous plaît nous (www.sellxed.com/support) contacter. Raison: %1"
"There is a problem with your license. Please contact us (www.sellxed.com/support). Reason: %s","Il y a un problème avec votre licence. S'il vous plaît contactez-nous (www.sellxed.com/support). Raison: %s"
"There is already a customer registered using this email address. Please login using this email address or enter a different email address to register your account.","Il y a déjà un client enregistré avec cette adresse e-mail. Connectez-vous à l'aide de cette adresse ou insérez une adresse e-mail différente pour l'enregistrer votre compte."
"There seems to be a problem with the Ogone module.","Il semble avoir un problème avec le module de Ogone."
"There was an error validating the login and password.","ll y eu une erreur pendant la validation du login et du mot de passe."
"This URL has to be placed in the backend of Ogone under Configuration > Technical Information > Transaction Feedback and their in the field for 'HTTP request for status changes'.","Cette URL doit être placé dans le backend de Ogone sous Configuration > Technical Information > Transaction Feedback dans la case 'HTTP request for status changes'."
"This URL has to be placed in the backend of Ogone under Configuration > Technical Information > Transaction Feedback and their in the two fields for 'Direct HTTP server-to-server request'.","Cette URL doit être placé dans le backend de Ogone sous Configuration > Technical Information > Transaction Feedback, dans les deux champs pour 'Direct HTTP server-to-server request'."
"This URL is used by default for handling the dynamic template of Ogone. To use this feature "" . ""you may need activate the feature in your account and you need to add the domain to the Trusted website hostnames. To work properly in all browser you need HTTPS on your server and domain.","Cette URL est utilisée par défaut pour le traitement du template dynamique de Ogone. Pour utiliser cette fonction, vous devrez activer la fonctionnalité dans votre compte et vous devez ajouter le domaine de votre boutique dans les noms d'hôtes de sites web de confiance. Pour fonctionner correctement dans tous les navigateurs, vous devez activer HTTPS sur votre domaine."
"This account is not confirmed. <a href=""%s"">Click here</a> to resend confirmation email.","Ce compte n'est pas confirmé. <a href=""%s"">Cliquez ici</a> pour renvoyer l'email de confirmation."
"This is a brief instruction of the main and most important installation steps, which need to be performed when installing the Ogone module. For detailed instructions regarding additional and optional settings, please refer to the enclosed instructions in the zip.","Ceci est une brève instruction des étapes de l'installation, qui doivent être effectuées lors de l'installation du module Ogone. Pour obtenir des instructions détaillées concernant les paramètres supplémentaires et optionnels, veuillez vous référer aux instructions dans le zip du module."
"This parameter is sometimes transmitted to the acquirer (depending on the acquirer), in order to be shown on the account statements of the merchant or the customer. The prefix can contain the tag {id}. It will then be replaced by the order number (e.g. name {id}). (Payment Page only)","Ce paramètre est parfois transmis à l'acquéreur (dépendant de l'acquéreur utilisé), afin d'être montré sur les relevés de compte du marchand ou du client. Le préfixe peut contenir le tag {id}. Il sera ensuite remplacé par le numéro de la commande (par exemple name_{id}). Cela ne fonctionne que si vous utilisez la page de paiement (Payment Page)."
"This parameter is sometimes transmitted to the acquirer (depending on the acquirer), in order to be shown on the account statements of the merchant or the customer. The prefix can contain the tag {id}. It will then be replaced by the order number (e.g. name_{id}). (Payment Page only)","Ce paramètre est parfois transmis à l'acquéreur, afin d'être écrit sur les relevés de compte du commerçant ou du client. Le préfixe peut contenir le tag {id}. Il sera ensuite remplacé par le numéro de commande (par exemple nom_ {id}). (Seulement pour la page de paiement)"
"This password is used for recurring payments and for the alias manager as well as for the server authorization. This is the password of the Ogone account.","Ce mot de passe est utilisé pour les paiements récurrents et pour la gestion des alias, ainsi que pour l'autorisation du serveur. C'est le mot de passe du compte Ogone."
"This setting can be used to activate resp. deactivate the 3D secure check. Please check with PayBox if you are allowed to deactivate the 3D secure check. This setting has only an effect when you use the payment page.","Ce setting peut être utilisé pour activer ou désactiver le contrôle 3D Secure. Veuillez vérifier avec PayBox si vous êtes autorisé à désactiver le contrôle 3D Secure. Ce paramètre aura seulement un effet que si vous utilisez la page de paiement."
"This status is set, when the payment was successfull and it is authorized.","Cet état est défini, lorsque le paiement a été un succès et il est autorisé."
"This transaction is already closed for further captures.","Cette transaction a déjà été fermée pour plus de comptabilisations."
"This transaction is already closed for further refunds.","Cette transaction a déjà été fermée pour d'autres remboursements."
"This transaction no longer exists.","Cette transaction n'existe plus."
"Timeout for pending payments (min)","Timout pour les paiements en attente (min.)"
"Titel","Titre"
"Title","Titre"
"Title and Header of the payment page","Titre et en-tête de la page de paiement"
"Title of the payment method","Nom de la méthode de paiement"
"To generate a SEPA mandate ID this schema can be used to customize it. However the tags '{year}', '{month}', '{day}' and '{random}' must be present in the schema. The {random} tag is filled with a random string of 20 chars.","Pour générer un ID de mandat SEPA ce schéma peut être utilisé pour le personnaliser. Cependant les tags '{year}', '{month}', '{day}' et '{random}' doivent être présents dans le schéma. Le tag {random} est rempli avec une chaîne aléatoire de 20 caractères."
"Total","Total"
"Total Shipping Charges","Total des frais d'expédition"
"Track order history","Suivi de la commande"
"Transaction","Transaction"
"Transaction Authorized","Transaction autorisée"
"Transaction Cancelled","Transaction annulée"
"Transaction Captured","Transaction comptabilisée"
"Transaction History","Relevé des opérations"
"Transaction Id","Transaction ID"
"Transaction Paid","Transacion payée"
"Transaction Uncertain","La transaction est incertaine"
"Transaction Updates","Mises à jour pour les transactions"
"Transaction cancelled successfully","La transaction a été annulée"
"Transaction captured successfully","Transaction capturé avec succès"
"Transaction history","Historique de transactions"
"Transaction was authorized over the deferred authorization mechanism.","L'opération a été autorisée avec le mécanisme d'autorisation différé."
"Transactions","Transactions"
"UATP","UATP"
"URL of the logo you want to display at the top of the payment page. The URL must be absolute. The logo needs to be stored on a secure server. If you do not have a secure environment to store your image, contact your Ogone to store your logo on their server.","URL du logo que vous souhaitez afficher en haut de la page de paiement. L'URL doit être absolue. Le logo doit être stockée sur un serveur sécurisé. Si vous ne disposez pas d'un environnement sécurisé pour stocker votre image, contactez votre Ogone pour stocker votre logo sur leur serveur."
"URLs","URLs"
"Unable to save the invoice.","Impossible d'enregistrer la facture."
"Uncertain Status","Statut incertain"
"Uncertain transactions","Transactions incertaines"
"Unknown reason","Raison inconnue"
"Update","Mettre à jour"
"Update Qty's","Ajuster la quantité"
"Update interval for payments","Interval de l'actualisation pour paiements via API"
"Use Base Currency","Utiliser devise de base"
"Use Default","Utilisez les paramètres standard"
"Use base currency","Utiliser la devise de base"
"Use customweb hosted template","Utiliser le template hébergé par customweb"
"Use own template","Utiliser template personnalisé"
"Use shop template","Utiliser le template du shop"
"Use standard template (as selected above)","Utiliser un modèle standard (suivant votre choix ci-dessus)"
"Use static template","Utiliser le static template"
"VISA","VISA"
"Validation","Valider"
"Version","Version"
"Vertical list of logos with the name on the left side","Liste verticale de logos avec le nom sur le côté gauche"
"View","Afficher"
"Wait On Success Page","Attendre sur la page de la réussite"
"Waiting for client payment","En attendant le paiement du client"
"We cannot get the transaction instance.","Nous ne pouvons pas établir une transaction."
"We experienced a problem with your sellxed payment extension. For more information, please visit the configuration page of the plugin.","Il y a un problème avec votre module de paiement sellxed. Pour plus d'informations, veuillez visiter la page d'informations du plugin."
"When the store is not available (network outage, server failure or any other outage), when the feedback of Ogone is sent, then the transaction state is not updated. Hence no order confirmation e-mail is sent and the order is not in the paid state. By activating the transaction update, such transactions can be authorized later over direct link. To use this feature the update service must be activated and the API username and the API password must be set.","Lorsque la boutique n'est pas disponible (panne de réseau, une panne de serveur ou de toute autre panne), après le retour de Ogone envoyé,  le statut de la transaction ne sera pas mis à jour. Par conséquent, aucune confirmation de commande sera envoyé par e-mail et la commande n'aura pas le statut payé. En activant la mise à jour de la transaction, ces opérations peuvent être autorisées plus tard sur la liaison directe. Pour utiliser cette fonction, le service de mise à jour doit être activé et le nom d'utilisateur de l'API et le mot de passe de l'API doit être aussi configuré."
"When using an external checkout, the customer can either be asked to chose an option to authenticate (as guest, register or login) or he can always be checked out as guest. For the second option to work, guest checkout has to be enabled in magento.","Lorsque vous utilisez une commande externe, le client peut soit sélectionner une option d'authentification (en tant qu'invité, inscription ou login) ou il peut toujours être vérifié en tant qu'invité. Pour la deuxième option, guest checkout doit être activé chez Magento."
"With the Dynamic Template you can design the layout of the payment page yourself. For the option 'Own template' the URL to the template file must be entered into the following box.","Avec le template dynamique, vous pouvez créer le layout de la page de paiement. Pour utiliser l'option 'template personnalisé', veuillez insérer l'URL pour le fichier du template dans la case suivante."
"With this option you can control which template is used for mobile devices. Per default the template for desktops is used. You can either use a own template (provided through the field below) or the customweb hosted template.","Avec cette option, vous pouvez contrôler quel template sera utilisé pour les appareils mobiles. Par défaut, le template pour desktops sera utilisé. Vous pouvez soit utiliser un propre template (fourni dans le champ ci-dessous) ou le template de customweb."
"Wrong 'BRAND' was specified.","'BRAND' spécifié n'est pas correct."
"Wrong bank account format.","Format de compte bancaire incorrect."
"Year","Année"
"Yes","Oui"
"Yes, use images for the brand selection.","Oui, utiliser des images pour la sélection du type."
"You accept that your credit card informations are stored securly for future orders.","Vous acceptez que vos informations de carte de crédit soient stockées en toute sécurité pour les prochaines commandes."
"You can allow the customers to manage/delete their aliases in the their account.","Vous pouvez permettre aux clients de gérer / supprimer leurs alias dans leur compte."
"You can create an API username in the back-end of Ogone. The API user is necessary for the direct communication between the shop and the service of Ogone.","Vous pouvez créer un nom d'utilisateur API dans le backend de Ogone. L'utilisateur API est nécessaire pour la communication directe entre la boutique et le service de Ogone."
"You can decide on the order status new orders should have after they are processed successfully.","Spécifiez le statut de la commande pour les nouvelles commandes qui ont été traitées avec succès."
"You can decide on the order status new orders should have that have an uncertain authorization status.","Spécifiez le statut de la commande pour les nouvelles commandes avec un statut d'autorisation incertain."
"You can specify the order status after the payment is received. In order to use this feature the http-request for Status Changes has to be set up as described in the manual.","Vous pouvez spécifier le statut de la commande après la réception du paiement. Pour utiliser cette fonction, le 'HTTP request for status changes' doit être configuré comme décrit dans le manuel."
"You can specify the order status for new orders that have an uncertain authorisation status.","Vous pouvez spécifier le statut de la commande pour les nouvelles commandes qui ont un statut d'autorisation incertain."
"You can specify the order status for orders that are captured either directly after the order or manually in the backend.","Vous pouvez spécifier le statut de la commande pour les commandes qui sont capturés soit directement après la commande ou manuellement depuis le backend."
"You can specify the order status for orders that are refused after being in a uncertain state. In order to use this feature you will have to set up the http request for status changes as outlined in the manual.","Vous pouvez spécifier le statut de la commande pour les commandes qui sont refusés après avoir été dans un statut incertain. Pour utiliser cette fonctionnalité, vous devez configurer 'HTTP request for status changes' comme écrit dans le manuel."
"You can specify the order status for orders that are successful after being in a uncertain state. In order to use this setting, you will need to activate the http-request for status changes as outlined in the manual.","Vous pouvez spécifier le statut de la commande pour les commandes qui ont du succès après avoir été dans un statut incertain. Pour utiliser ce paramètre, vous devez activer la requête HTTP pour les changements de statut tel que décrit dans le manuel."
"You can specify the order status when an order is cancelled.","Vous pouvez spécifier le statut de la commande quand une commande est annulée."
"You created the order.","Vous avez créé la commande."
"You have no stored aliases.","Vous n'avez pas d'alias."
"You have to enter a CVC code.","Vous devez insérer un code CVC."
"You have to enter a card number.","Vous devez insérer le numéro de carte."
"You have to enter bank code of your bank.","Il faut insérer le code banquaire de votre banque."
"You have to enter commercial number of you company.","Il faut insérer le numéro de commerce de votre entreprise."
"You have to enter either the CVC code or the issue number of your card.","Vous devez insérer le code CVC ou le numéro de série de votre carte."
"You have to enter sales tax number of you company.","Vous devez insérer le numéro de la taxe de vente de votre entreprise."
"You have to enter sales tax number of your company.","Vous devez insérer le numéro de la taxe de vente de votre entreprise."
"You have to enter the BIC.","Vous devez saisir le code BIC."
"You have to enter the CVC code from the back of your credti card.","Insérez le code de sécurité de la carte. Vous le trouverez à l’arrière de la carte"
"You have to enter the CVC code from your card.","Vous devez insérer le code CVC de votre carte."
"You have to enter the IBAN.","Il faut insérer l'IBAN du compte banquaire"
"You have to enter the a card number.","Vous devez insérer le numéro de carte."
"You have to enter the account holder name on the card.","Vous devez insérer le nom du titulaire de la carte."
"You have to enter the account holder name.","Veuillez insérer ici le nom du titulaire de la carte."
"You have to enter the card holder name on the card.","Vous devez insérer le titulaire de la carte."
"You have to enter the card holder.","Vous devez insérer le titulaire de la carte."
"You have to enter the location of your bank.","Vous devez insérer le lieu de votre banque."
"You have to enter the month of the card expiry.","Sélectionnez le mois de l'expiration de votre carte"
"You have to enter the name of the account owner.","Vous devez insérer le titulaire de compte"
"You have to enter the name of your bank.","Vous devez insérer le nom de votre banque."
"You have to enter the year of the card expiry.","Vous devez insérer l'année de l'expiration de la carte."
"You have to enter your IBAN Number.","Il faut insérer l'IBAN du compte banquaire"
"You have to enter your bank account number.","Veuillez insérer l'IBAN de votre compte banquaire."
"You have to enter your social security number.","Veuillez insérer votre numéro de sécurité sociale."
"You may choose one of the cards you paid before on this site.","Vous pouvez choisir parmi les cartes utilisées précédemment:"
"You may choose one of your stored payment details.","Sélectionnez l'une des informations de paiement enregistrées pour le paiement"
"You must define your gender.","Veuillez sélectionner votre sexe"
"You must enter the company registration number.","Vous devez insérer le numéro d'immatriculation de la société."
"You must enter the sales tax number.","Vous devez insérer le numéro de la taxe de vente."
"You must enter your phone number.","Veuillez insérer votre numéro de téléphone."
"You must enter your salutation.","Veuillez insérer votre signature."
"You must enter your social security number.","Veuillez insérer votre numéro de sécurité sociale."
"You need to define an API password in the module settings.","Vous devez définir un mot de passe API dans les paramètres du module."
"You need to define an API user id in the module settings.","Vous devez définir un API User ID dans les paramètres du module."
"You select to use a own mobile template. However you do not specify any template URL for mobile devices.","Vous avez spécifié d'utiliser un propre template mobile. Cependant, vous n'avez pas spécifié une Template URL pour les appareils mobiles."
"You will be redirect to the order confirmation page.","Vous allez être redirigé vers la page de confirmation de commande."
"Your browser does not allow the execution of JavaScript. Please activate JavaScript in your browser and reload this page.","Votre navigateur ne permet pas l'exécution de JavaScript. Veuillez activer JavaScript dans votre navigateur et recharger cette page."
"Your card number is invalid.","Votre numéro de carte n'est pas valide."
"Your card number is invalid. May be you choose the wrong credit card type.","Votre numéro de carte n'est pas valide. Vous avez peut-être choisi le mauvais type de carte de crédit"
"OgoneCw Aliases","OgoneCw Alias"
"____paymentMethodName____","____paymentMethodName____"
"Ogone Aliases","Alias Ogone"
"Ogone Error","Erreur de Ogone"
"Ogone Parameters","Ogone Paramètres"
"Ogone Refund Items","Ogone _ remboursement articles"
"Ogone Section","Section Ogone"
"Ogone Transactions","Transactions de Ogone"
"Ogone:","Ogone:"
"Ogone: Alias Management","Ogone: Gestion des Alias"
"customweb ltd","customweb ltd"
"no","no"
"or","ou"
"yes","Oui"
