"* Required Fields","* campo obbligatorio"
"-- No Status Change --","-- Nessun cambiamento di stato --"
"3D Secure","3D Secure"
"3D Secure Authentication","3D Secure Authentication"
"3D Secure failed","3D Secure fallito"
"3D Secure sucess","La verifica 3D Secure é andata a buon fine"
"<span class=""card-expiry-format-note"">The expected format is '!format' where the 'MM' means the month number and 'YY' the year number.</span>","<span class=""card-expiry-format-note""> Il formato previsto é '!format' dove per 'MM' si intende il numero del mese e 'YY' il numero dell'anno.</span>"
"A authorized transaction cannot be authorized again.","Una transazione autorizzata non può essere autorizzata di nuovo."
"A authorized transaction cannot be marked as failed.","Una transazione autorizzata non può essere contrassegnata come non riuscita."
"A cancelled transaction cannot be authorized.","Una transazione annullata non può essere autorizzata."
"A cancelled transaction cannot be cancelled again.","Una transazione cancellata non può essere cancellata nuovamente."
"A cancelled transaction cannot be captured.","Una transazione annullata non può essere registrata."
"A cancelled transaction cannot be marked as failed.","Una transazione annullata non può essere contrassegnato come fallita."
"A cancelled transaction cannot be refunded.","Una transazione cancellata non può essere rimborsata."
"A captured transaction cannot be authorized.","Una transazione registrata non può essere autorizzata."
"A captured transaction cannot be cancelled.","Una transazione registrata non può essere annullata."
"A captured transaction cannot be marked as failed.","Una transazione registrata non può essere contrassegnata come non riuscita."
"A failed authorization cannot be authorized.","Una autorizzazione fallita non può essere autorizzata."
"A payment method may not available for customers from different counties. You can decide when this availability check should happen. We recommend to set it during authorization","Alcuni metodi di pagamento non sono disponibili in alcuni paesi. E` possibile definire il momento in cui il controllo della disponibilità deve essere eseguito. Si consiglia di mettere su 'Durante l'autorizzazione'."
"A refund was added over !amount.","Un rimborso é stato aggiunto a !amount."
"A transaction may be uncertain, when the payment is not guaranteed. For example in case the credit card does not participate in the 3D procedure.","Una transazione può essere incerta, quando il pagamento non é garantito. Per esempio nel caso la carta di credito non partecipa alla procedura 3D."
"A typical pattern of a fraud transaction is a series of refused transaction before one of them is accepted. This setting defines the threshold after any following transaction is marked as uncertain. E.g. a threshold of three will mark any successful transaction after three refused transaction as uncertain.","Un modello tipico di una transazione fraudolenta é una serie di operazioni rifiutata prima che uno di loro sia accettata. Questa impostazione definisce la soglia dopo che ogni successivo transazione é contrassegnata come incerta. Ad esempio una soglia di tre indicherà qualsiasi operazione di successo dopo tre rifiutate come transazione incerta."
"API Password","Password API"
"API Username","Nome utente API"
"About","A proposito di"
"Acceptance","Accettazione"
"Account Holder Name","Intestatario del conto"
"Account owner name.","Intestatario del conto"
"Action","Azione"
"Actions","Azioni"
"Activate","Activate"
"Active","Attivo"
"Add new","Aggiungi nuovo"
"Additional Information","Ulteriori informazioni"
"Adjust Qty","Regolare la quantità"
"Adjustment Discount","Regolazione del discount"
"Adjustment Fee","Costi di adeguamento"
"After payment selection","Dopo la scelta del pagamento"
"AfterPay","AfterPay"
"Ajax authorization not supported.","Autorizzazione Ajax non supportata."
"Alias","Alias"
"Alias For Display","Alias da visualizzare"
"Alias Gateway","Alias Gateway"
"Alias Manager","Alias Token"
"Alias Token","Alias Token"
"Alias manager","Check out con un click (Alias Manager)"
"All Customers","Tutti i clienti"
"All country codes must match.","Tutti i codici dei paesi devono corrispondere."
"Allowed Currencies","Valute accettate"
"Allowed currencies for this payment method","Valute ammesse per questo metodo di pagamento"
"Already registered?","Già iscritto?"
"Always Checkout as Guest","Effettua il checkout sempre come ospite"
"American Express","American Express"
"Amount","Importo"
"Amount Incl. Tax","Importo tasse incluse"
"An expiry month must be selected.","Deve essere selezionato un mese di scadenza."
"An expiry year must be selected.","Deve essere selezionato un anno di scadenza."
"Are you a German merchant?","Sei un commerciante tedesco?"
"Are you sure you want to cancel this order?","Sei sicuro di voler cancellare questo ordine?"
"Austria (AT)","Austria (AT)"
"Author","Autore"
"Authorization Amount","Importo autorizzazione"
"Authorization Failed","Autorizzazione non riuscita"
"Authorization Method","Metodo di autorizzazione"
"Authorization is uncertain.","Autorizzazione incerta"
"Authorization refused","Autorizzazione rifiutata"
"Authorized Status","Status autorizzato"
"Await Notification","Attendi la notifica"
"Awaiting confirmation","In attesa di conferma"
"BIC","BIC"
"Background Color","Colore dello sfondo"
"Bad signature format.","Bad signature format."
"Bank Location","Posizione della banca"
"Bank Name","Nome della banca"
"Bank account number","Numero IBAN"
"Bank code number","Numero del codice bancario"
"Before payment selection","Prima della selezione del pagamento"
"Belgium (BE)","Belgio (BE)"
"BillPay","BillPay"
"Billing Address","Billing Address"
"Billing Information","Dati di fatturazione"
"Billing address","indirizzo di fatturazione"
"Billpay","Billpay"
"Brand","Marca"
"Brand Country","Codice paese per la carta"
"Brand Name","Brand Name"
"Brand and card number do not match.","Tipo di carta e numero della carta non corrispondono."
"Button Background Color","Colore dello sfondo del pulsante"
"Button Text Color","Colore del testo del pulsante"
"By setting the capturing the reservation can be captured directly after the order or later manually over the backend of the store.","By setting the capturing the reservation can be captured directly after the order or later manually over the backend of the store."
"CVC Code","Codice CVC"
"Cancel","Interrompere"
"Cancel ID","Cancel ID"
"Cancel pending orders when out of stock","Cancellare gli ordini pendenti quando fuori stock."
"Cancel status","Status di cancellazione"
"Canceled OgoneCw","____ModuleCamel___ annullato"
"Canceling of this payment not possible!","Questo pagamento non può essere cancellato!"
"Cancelled Status","Status annullato"
"Cannot update item quantity.","Impossibile aggiornare la quantità dell'articolo."
"Capture (Don't Close)","Registrazione (Non chiudere)"
"Capture Amount","Capture Amount"
"Capture ID","Capture ID"
"Capture amount","Importo contabilizzato"
"Capture information","Informazione della contabilizzazione"
"Capture status","Status di registrazione"
"Captured Amount","Importo riconosciuto"
"Captured Status","Status registrato"
"Captures","Acquisizione"
"Captures & Refunds","Registrazioni & Rimborsi"
"Capturing","Contabilizzare"
"Card Expiration","Carta di data di scadenza"
"Card Expiry Date","Data di scadenza della carta"
"Card Holder Name","Titolari di carte"
"Card IP address country does not match with the billing country.","L'indirizzo IP del paese della carta non corrisponde con il paese di fatturazione."
"Card Number","Numero di carta"
"Card issue country was on the black list and hence the transaction is marked as uncertain.","Il paese di emissione della carta era sulla lista nera e, quindi, la transazione viene contrassegnata come incerta."
"Card issue country was on the white list and hence the transaction is marked as uncertain.","Il paese che ha emesso la carta era sulla lista bianca e quindi la transazione viene contrassegnata come incerta."
"Card issuer country does not match with the IP address country.","Il paese che ha emesso la carta non corrisponde al il paese dell' indirizzo IP."
"Card issuer country does not match with the billing country.","Il paese emittente della carta non corrisponde al paese di fatturazione."
"Carrier Title","Titolo del trasportatore"
"Carte Bleue","Carte Bleue"
"Check out faster","Effettua il checkout più velocemente"
"Check to activate the external checkout.","Selezionare questa opzione per attivare il checkout esterno."
"Checkout","Checkout"
"Checkout as Guest","Checkout come ospite"
"Checkout as a Guest or Register","Checkout come ospite o iscriviti"
"Checkout as a new customer","Effettua il checkout come nuovo cliente"
"Checkout using your account","Effettua il checkout utilizzando il tuo account"
"Checkout with MasterPass.","Pagare con MasterPass"
"Choose settlement after order in case you want an invoice to be created with your oder. The state of the invoice will set according to your capture status","Seleziona 'Creazione dopo l'ordine' se vuoi che la fattura venga creata. Lo status della fattura sarà impostato secondo lo status della registrazione"
"Company Commercial Number","Numero commerciale dell'azienda"
"Confirm Password","Conferma la password"
"Continue","Continua"
"Copy the SHA-IN signature in the module and in the back-end of Ogone under the menu Technical Information > Origin Verification.","Copia la firma SHA-IN nel modulo e nel back-end di Ogone nel menu Technical Information > Origin Verification."
"Copy the SHA-OUT signature in the module and in the back-end of Ogone under and Technical Information > Transaction Feedback.","Copia la firma SHA-OUT nel modulo e nel back-end di Ogone sotto Technical Information > Transaction Feedback."
"Could not convert object of type '!type' to string.","Impossibile convertire l'oggetto di tipo '!type' in  string."
"Could not find a brand for the given card number.","Impossibile trovare un marchio in base al numero di carta fornito."
"Could not find pressed button.","Impossibile trovare il pulsante premuto."
"Could not find template file at default location '!location'.","Impossibile trovare il file template nella posizione di default '!location'."
"Could not find the payment method !paymentMethodName.","Impossibile trovare il metodo di pagamento !paymentMethodName."
"Could not load layout from URL !url. Reason: !reason","Impossibile caricare il layout dall' URL !url. motivo: !reason"
"Country Check","Verifica del paese"
"Create Account","Crea un account"
"Create New Order - Payment","Crea un nuovo ordine - Pagamento"
"Create a recurring payment, with an existing alias is not supported","Create a recurring payment, with an existing alias is not supported"
"Create the SHA signatures (SHA-IN and SHA-OUT) with the !linkStart SHA signatures generator !linkEnd.","Crea le firme SHA (SHA-IN e SHA-out) con il generatore di firme !linkStart SHA !linkEnd."
"Creating an account has many benefits:","I numerosi vantaggi di creare un account:"
"Creation Date","Data di creazione"
"Credit Card Brands","Marche Carta di Credito"
"Credit Memo History","Credit Memo History"
"Credit Memo Totals","Credit Memo Totals"
"Credit memo's total must be positive.","Il totale di nota di credito deve essere positivo."
"Currency","Valuta"
"Current Configuration Scope:","Attuale ambito di configurazione:"
"Customer Account","Account cliente"
"Customer Alias Management","Gestione dell'Alias del cliente"
"Customer failed to pay","Il cliente non ha potuto effettuare il pagamento"
"Customer successfully returned from OgoneCw","Il cliente é tornato con successo da OgoneCw."
"Customer successfully returned from Ogone","Cliente rimandato con successo dalla pagina di pagamento ____ ModuleCamel____."
"Customer sucessfully returned from the OgoneCw payment page.","Customer sucessfully returned from the OgoneCw payment page."
"Customers","Clienti"
"Customweb","Customweb"
"Date","Data"
"Date of Birth","Data di nascita"
"Day","Giorno"
"Deactivate","Deactivate"
"Dear customer we have received your billing and shipping information. In order to finish your order please create an account below or checkout as guest.","Gentile cliente abbiamo ricevuto le sue informazioni  di  fatturazione e  spedizione. Per concludere il tuo ordine,  vai alla cassa, crea un nuovo accesso o effettua il checkout come ospite."
"Dear customer, it appears to us that your payment was successful, but we are still waiting for confirmation. You can wait on this page and we will redirect you after we received the confirmation. Or you can close this window and we will send out an order confirmation email.","Gentile cliente, il suo pagamento sembra andato a buon fine, tuttavia siamo ancora in attesa di conferma. Può aspettare su questa pagina e la reindirizzeremo dopo che avremo ricevuto la conferma. Oppure può chiudere questa finestra e le invieremo una e-mail di conferma dell'ordine."
"Default Config","Configurazione predefinita"
"Default Values","Valori standard"
"Deferred","Ritardato"
"Deferred (authorization)","Deferred (authorization)"
"Deferred capturing","Registrazione ritardata"
"Deferred settlement","Creazione ritardata"
"Define a maximal order total for this checkout to be available.","Definire un ordine totale massimo al fine che questo checkout sia disponibile."
"Define a minimal order total for this checkout to be available.","Definire un ordine totale minimo al fine che questo checkout sia disponibile."
"Define here the title which is shown on the payment page. If no title is defined here the default one is used.","Definire qui il titolo che viene visualizzato nella pagina di pagamento. Se non viene indicato nessun titolo verrà utilizzato quello di default."
"Delayed","Ritardato"
"Delete","Cancellare"
"Delivery address","Indirizzo di consegna"
"Denmark (DK)","Danimarca (DK)"
"Description","Descrizione"
"Diners Club","Diners Club"
"Direct Debits","Direct Debits"
"Direct E-Banking","Direct E-Banking"
"Direct Link","Direct Link"
"Direct capture after order","Subito dopo l'acquisto"
"Directly after order","Subito dopo l'acquisto"
"Directly after order (sale)","Directly after order (sale)"
"Disabled","Disattivato"
"Discount","Sconto"
"Discount Amount","Sconto"
"Discover Card","Discover Card"
"Do never mark the transaction as uncertain, except those from countries listed below.","Non contrassegnare mai la transazione come incerta, ad eccezione di quelle provenienti dai paesi elencati di seguito."
"Don't change order status","Non cambiare lo stato dell'ordine"
"Don't change the layout of the payment page","Non modificare il layout della pagina di pagamento"
"Don't use template (standard Ogone)","Non utilizzare il modello (di default Ogone)"
"During authorization","Durante l'autorizzazione"
"Dynamic Template","Modello Dinamico"
"Edit","Modifica"
"Edit Invoice #%s","Modifica fattura #%s"
"Email Address","Indirizzo email"
"Empty version number field name","Campo del numero vuoto"
"Enable or disable logging.","Attiva o disattiva logging."
"Enable the desired payment methods.","Abilitare i metodi di pagamento desiderati."
"Enable the payment method","Attiva la modalità di pagamento"
"Enabled","Attivato"
"Enter the PSPID for the test and live (if available) mode.","Inserisci la PSP ID per la modalità test e live (se disponibile)."
"Enter the PSPID of Ogone.","Inserisci lo user test PSPID di Ogone."
"Enter the URLs in the PSP Technical Information > Transaction Feedback. Make sure that the feedback is set to &quot;Online but switch to a deferred request when the online requests fail&quot;.","Inserisci gli URL nella PSP Technical Information > Transaction Feedback. Assicurarsi che il feedback sia impostato su  ""Online ma passare ad una richiesta differita quando le richieste online fail&quot;""."
"Enter the date on which your card expires.","Inserisci la data di scadenza della carta."
"Enter the live SHA-IN passphrase. This value must be identical to the one in the back-end of Ogone.","Inserisci la SHA-IN passphrase live. Questo valore deve essere identico a quello del back-end di Ogone."
"Enter the live SHA-OUT passphrase. This value must be identical to the one in the back-end of Ogone.","Inserisci la SHA-OUT passphrase live. Questo valore deve essere identico a quello del back-end di Ogone."
"Enter the test PSPID of Ogone.","Inserisci lo user test PSPID di Ogone."
"Enter the test SHA-IN passphrase. This value must be identical to the one in the back-end of Ogone.","Inserisci la SHA-OUT passphrase di prova. Questo valore deve essere identico a quello del back-end di Ogone."
"Enter the test SHA-OUT passphrase. This value must be identical to the one in the back-end of Ogone.","Inserisci la SHA-OUT passphrase di prova. Questo valore deve essere identico a quello del back-end di Ogone."
"Equens (Direct Debits NL)","Equens (Direct Debits NL)"
"Error with the length of the validation date.","Error with the length of the validation date."
"Excl. Tax","Escl. tasse"
"Expiry date contains non-numeric data.","La data di scadenza contiene dati non numerici."
"Expiry date is in wrong format.","La data di scadenza non é nel formato corretto."
"Expiry date must be in the future.","La data di scadenza deve essere futura."
"External Checkout","Checkout esterno"
"External Checkout: Guest Checkout","Checkout esterno: Checkout da ospite"
"Failed","Non andato a buon fine"
"Failed payment authorization.","L'autorizzazione é stata rifiutata."
"Failure during cancellation of the transaction. (Cancellation reason: Customer did not pay","Errore durante la cancellazione della transazione. Motivo di cancellazione: Il cliente non ha pagato"
"Failure during capturing of the transaction. Check the ____paymentServiceProvider____ backend for the current state of the transaction.","Errore durante l'acquisizione della transazione. Controllare il ____paymentServiceProvider____ backend per conoscere lo status attuale della transazione."
"Female","Femmina"
"Figure !number:","Figure !number:"
"Finland (FI)","Finlandia (FI)"
"Font Family","Font"
"For a maintenance request a payment id must be set on the transaction.","Deve essere impostato sulla transazione un id pagamento per una richiesta di manutenzione."
"Forgot Your Password?","Hai dimenticato la password?"
"Forgot your password?","Hai dimenticato la password?"
"France (FR)","Francia (FR)"
"Gender","Genere"
"Germany","Germania (DE)"
"Germany (DE)","Germania (DE)"
"Germany (no code)","Germania (nessun codice)"
"Get Update","Aggiorna"
"Great Britain (GB)","Gran Bretagna (GB)"
"Green","Verde"
"HTTP Status Changes URL","URL per cambiamenti di stato HTTP"
"HTTP Status for Refused Payments","Status per i pagamenti rifiutati (secondo una richiesta HTTP per cambiamenti di status)"
"HTTP Status for Successful Payments","Status per i pagamenti andati a buon fine (secondo una richiesta HTTP per i cambiamenti di status)"
"Hash calculation method","Metodo di calcolo del hash"
"Here you can define a Shop ID. This is only necessary if you wish to operate several shops with one PSPID. In order to use this module, an additional module is required.","Qui é possibile definire un ID Shop, necessario solo se si desidera utilizzare diversi negozi con una PSPID. Per utilizzare questo modulo, é richiesto un modulo aggiuntivo."
"Here you can insert an order prefix. The prefix allows you to change the order number that is transmitted to Authorize.net. The prefix must contain the tag {id}. It will then be replaced by the order number (e.g. name_{id}).","Here you can insert an order prefix. The prefix allows you to change the order number that is transmitted to Authorize.net. The prefix must contain the tag {id}. It will then be replaced by the order number (e.g. name_{id})."
"Here you can insert an order prefix. The prefix allows you to change the order number that is transmitted to Ogone. The prefix must contain the tag {id}. It will then be replaced by the order number (e.g. name_{id}).","Qui è possibile inserire un prefisso d'ordine. Il prefisso consente di cambiare il numero d'ordine che viene trasmesso a Ogone .  Il profilo deve contenere il tag {id}. Il prefisso sarà poi sostituito dal numero d'ordine (es. name-{id}). Non utilizzare '_'."
"Hide","Nascondi"
"Horizontally grouped logos with no group names","Loghi  raggruppati orizzontalmente senza i nomi dei gruppi"
"Horizontally grouped logos with the name on the left side","Loghi raggruppati orizzontalmente con il nome sul lato sinistro"
"IBAN","IBAN"
"IBAN number","Numero IBAN"
"IP country and billing country code must match.","L'IP del paese e il codice di fatturazione del paese devono corrispondere."
"IP country code and issuer country code must match.","Codice IP del paese e  codice del paese dell'emittente devono corrispondere."
"If a product is in stock only once and the payment of the customer ordering this product fails or is aborted, it won't be available until the order is canceled (see timeout option below). Enable this setting to cancel the customer's pending orders when he returns to the cart page and a product is not available anymore.","Se é rimasto un solo pezzo in magazzino e il pagamento del cliente che vuole comprare questo prodotto fallisce, il prodotto sarà riservato fino a quando l'ordine é cancellato (vedere l'opzione Timeout). Attivare questa opzione se si desidera che il prodotto NON sia riservato e che l'ordine con un pagamento non riuscito sia immediatamente annullato."
"If a product is in stock only once and the payment of the customer ordering this product fails or is aborted, it won't be available until the order is canceled (see timeout option below). Enable this setting to cancel the customer's pending orders when he returns to the cart page and a product is not available anymore. Be careful though: If you enable this option, there is a chance that payments are made with the corresponding order being already canceled.","Se un prodotto è disponibile solo una volta e il pagamento dell'ordine cliente il prodotto non riesce o viene interrotta, non sarà disponibile fino a quando l'ordine viene annullato (guarda l'opzione di timeout di seguito). Attiva questa impostazione per annullare gli ordini in attesa del cliente quando torna alla pagina del carrello e di un prodotto non è più disponibile. Attenzione, però: se si attiva questa opzione, c'è una possibilità che i pagamenti vengano effettuati con l'ordine corrispondente che é già stato annullato."
"If it is not applicable leave the field empty.","Se non é possibile lasciare il campo vuoto."
"If the Alias Manager is used, the intended purpose is shown to the customer on the payment page. Through this the customer knows why his data is saved.","Se viene utilizzato l'Alias Manager, la casuale viene mostrata al cliente sulla pagina di pagamento. In questo modo il cliente sa perché i suoi dati vengono memorizzati."
"If the status is 'Pending' it is unclear whether the transaction will be cancelled successfully.","Se lo stato é 'in sospeso' non é chiaro se la transazione verrà annullata correttamente."
"If the status is 'Pending' it is unclear whether the transaction will be captured successfully.","Se lo stato é 'In sospeso' non é chiaro se la transazione sarà registrata con successo."
"If the status is 'Pending' it is unclear whether the transaction will be refunded successfully.","Se lo stato é 'In sospeso' non é chiaro se la transazione sarà rimborsata con successo."
"If the test mode is selected the test PSPID is used and the test SHA passphrases.","Nella modalità test il test PSPID e passphrase SHA test sono utilizzate automaticamente"
"If the test mode is selected the test account is used. Otherwise the configured account is used.","If the test mode is selected the test account is used. Otherwise the configured account is used."
"If you have any issues with the module please feel free to contact us. See our <a href='https://www.sellxed.com/en/support' target='_blank'>support page</a> for more information.","Se hai problemi con il modulo non esitare a contattarci. Controlla anche <a href='https://www.sellxed.com/en/support' target='_blank'>support page</a> per ulteriori informazioni."
"If you select this checkbox, the payment will be captured at the PSP and you can not add additional captures.","Se selezioni questa opzione, il pagamento sarà registrato al PSP e non puoi aggiungere ulteriori registrazioni."
"If you would like to use recurring payments, you need our magento module ""Customweb Subscription"". For further information go to <a href=""http://www.sellxed.com/shop/"" target=""_blank"">sellxed.com</a>.","Se si desidera utilizzare pagamenti ricorrenti, è necessario il modulo di Magento ""abbonamento CustomWeb "". Per ulteriori informazioni visitare <a href=""http://www.sellxed.com/shop/"" target=""_blank"">sellxed.com</a>."
"Image Brand Selection","Image Brand Selection"
"In case hidden authorization is used, the brand of the credit card is detected by the card number and the card number is validated accordingly. This setting enables the restriction of the allowed brands.","Se si utilizza un' autorizzazione nascosta, la marca della carta di credito é rilevata tramite ill numero della carta e il numero di carta viene convalidato di conseguenza. Questa impostazione permette la limitazione dei marchi consentiti."
"In case the payment page is used with this payment method the different credit card brands are listed on the payment page of Ogone. This setting controlls the display of them.","Nel caso in cui la pagina di pagamento viene utilizzata con questo metodo di pagamento diverse marche di carte di credito sono elencate nella pagina di pagamento di Ogone. Questa impostazione controlla che vengano visualizzate."
"In some cases it may take a few seconds until the transaction is successfully authorized. When this option is enabled, the notification is awaited.","In alcuni casi possono volerci alcuni secondi prima che la transazione sia autorizzata con successo. Quando l'opzione é attivata, la notifica arriva dopo qualche secondo."
"In some cases the transaction requires a few seconds until it is successfully authorized. When this option is enabled the user is hold until the transaction reach the final state. If this is not the case in 30 seconds a message is shown to the customer, which explains the situation.","In alcuni casi l'operazione richiede alcuni secondi prima di essere autorizzata. Quando questa opzione è abilitata l'utente è trattenuto fino a quando la transazione non é andato a buon fine. Se questo non è il caso in 30 secondi viene visualizzato un messaggio al cliente che spiega la situazione."
"Inactive","Inattivo"
"Incl. Tax","Incl. tasse"
"Information","Informazione"
"Ingenico (Direct Debits AT)","Ingenico (Direct Debits AT)"
"Intended purpose of alias","Causale degli alias"
"Invalid CVC format.","Formato CVC non valido."
"Invalid expiry month.","Mese di scadenza non valido."
"Invalid login or password.","Login o password non validi."
"Invoice Items","Articoli fattura"
"Invoice Settlement","Pagamento della fattura"
"Invoice Totals","Totali della fattura"
"Invoice settlement","Creazione della fattura"
"Invoice was created successfully","La fattura é stato creata con successo."
"Invoices","Fatture"
"Issue Number","Numero Issue"
"Issuer country code and billing country code.","Codice del paese emittente e il codice paese di fatturazione."
"It is not possible to checkout in your country.","Non é possibile effettuare il checkout nel tuo paese."
"Italy (IT)","Italia (IT)"
"Item","Articolo"
"Items","Articoli"
"Items Refunded","Articoli rimborsati"
"JCB","JCB"
"Klarna","Klarna"
"Learn More","Per saperne di più"
"Live HMAC Key","Live HMAC Key"
"Live Identifier (PBX_IDENTIFIANT)","Live Identifier (PBX_IDENTIFIANT)"
"Live Mode","Live Mode"
"Live PSPID","Live PSPID"
"Live Password","Live Password"
"Live Rang (PBX_RANG)","Live Rang (PBX_RANG)"
"Live Site ID (PBX_SITE)","Live Site ID (PBX_SITE)"
"Logging","Logging"
"Login","Login"
"Login & Register","Login & Registrati"
"Login and password are required.","Login e password richiesti."
"Logo","Logo"
"Maestro","Maestro"
"Maestro UK","Maestro UK"
"Mail Order / Telephone Order (MoTo)","Mail Order / Telephone Order (MoTo)"
"Mail order/telephone order authorization","Autorizzazione degli ordini via eMail/telefono"
"Make sure that the request method is set to POST.","Assicurarsi che il metodo di richiesta sia impostato su POST."
"Male","Maschio"
"Manage Stores","Gestire negozi"
"Manage Ogone Aliases","Gestisci gli alias Ogone"
"Mark all transactions as uncertain, except those from countries listed below.","Indica tutte le transazioni come incerte, ad eccezione di quelle provenienti da paesi elencati qui di seguito."
"MasterCard","Mastercard"
"MasterPass","MasterPass"
"MasterPass: Order Confirmation","MasterPass: conferma dell'ordine"
"Maximum Order Total","Totale massimo dell'ordine"
"Merchant Origin","Origine del commerciante"
"Merchant Reference","Riferimento del commerciante"
"Message","Notifica"
"Method Title","Titolo del metodo"
"Minimum Order Total","Minimo per il totale dell'ordine"
"Mobile Template","Mobile Template"
"Mobile Template URL","Mobile Template URL"
"Month","Mese"
"More failed transaction as the configured threshold of failed transactions.","Più transazioni non andate a buon fine come la soglia configurata di transazioni fallite."
"My Ogone Aliases","I miei Alias Ogone"
"Netherlands (NL)","Paesi Bassi (NL)"
"New Order","Nuovo ordine"
"New Order Status","Nuovo stato dell'ordine"
"New card","Nuova carta"
"Next Update Execution Date","Data del prossimo aggiornamento"
"No","No"
"No API password was provided.","Non é stata fornita nessuna password API."
"No API username was provided.","Nessun nome utente API fornito."
"No IBAN provided.","Nessun IBAN fornito."
"No Items","Nessun articolo"
"No PSPID was provided.","PSPID non fornito."
"No additional payment information available.","Nessuna informazione di pagamento supplementare."
"No authorization method found for payment method !method.","Nessun metodo di autorizzazione trovato per il pagamento !method."
"No button returned.","Nessun tasto fornito."
"No day set in the date of birth field.","Nessun giorno indicato per la data di nascita."
"No month set in the date of birth field.","Nessun mese indicato per la data di nascita."
"No refund possible.","Nessun rimborso possibile"
"No shipping method needed.","Nessun metodo di spedizione necessario."
"No year set in the date of birth field.","Non é stato indicato l'anno nella data di nascita."
"No, use the dropdown.","No, use the dropdown."
"Non 3D Secure Behavior","Comportamento non 3D Secure"
"Non 3D Secure Behavior Country List","Elenco Paese per comportamento non 3D Secure"
"None","Nessuno"
"Norway (NO)","Norvegia (NO)"
"Not Germany","Non Germania"
"Notification URL","URL di notifica"
"Only an authorized transaction can be marked as finally declined.","Solo una transazione autorizzata può essere contrassegnata come Rifiutata."
"Only an uncertain transaction can be marked as finally declined.","Solo una transazione incerta può essere contrassegnata  Rifiutata."
"Only authorized transaction can be cancelled.","Solo le transazioni autorizzate possono essere cancellate."
"Only authorized transaction can be captured.","Solo le transazioni autorizzate possono essere registrate."
"Only authorized transaction can be refunded.","Solo transazioni autorizzate possono essere rimborsate."
"Only captured transaction can be refunded.","Solo le transazioni registrate possono essere rimborsate."
"Only on captured transaction the flag customer refusing to pay can be set.","E ' possibile impostare un flag per i clienti che non hanno pagato solo sulle transazioni registrate."
"Operation Mode","Modalità di funzionamento"
"Operation failed because of error code '@code'.","Operazione non riuscita a causa dell'errore @'code'."
"Operation is not allowed.","Operazione non consentita."
"Operation is not supported.","Questa operazione non é supportata."
"Operation is not supported. For this transaction id, an alias already exists.","L'operazione non é supportata. Esiste già un alias per questo transaction id."
"Orange","Orange"
"Order #","Numero d'ordine"
"Order Description","Descrizione dell'ordine"
"Order Grand Total","Totale complessivo dell'ordine"
"Order Information","Informazioni sull'ordine"
"Order Prefix","Order Prefix"
"Order Review","Controllo ordine"
"Order Summary","Riassunto dell'ordine"
"Order Total","Totale dell'ordine"
"Order cancelled, because the customer was too long in the payment process of Ogone.","L'ordine é stato annullato perché il cliente é rimasto troppo a lungo nel processo di pagamento di Ogone."
"Order is stored, but not finally authorized or captured.","L'ordine viene memorizzato, ma non completamente autorizzato o salvato."
"Order prefix","Prefisso dell'ordine"
"Order was placed using %s","L'ordine é stato effettuato usando %s"
"Orders","Ordini"
"Orders with with payments that are longer pending than the specified timeout in minutes are cancelled automatically.","Gli ordini il cui pagamento é in sospeso da più tempo del timeout definito in minuti saranno annullati automaticamente. Per utilizzare questa funzione devi impostare Magento cron."
"PSPID Config","PSPID Config"
"Paid Amount","Importo pagato"
"Partial refund not possible. You may retry with the total transaction amount.","Rimborso parziale non possibile. Riprovare con l'importo totale della transazione."
"Password","Password"
"Password and password confirmation are not equal.","La password e la conferma della password non corrispondono."
"Password for the API user.","Password per l'utente API."
"Pay with ____paymentMethodName____","Paga con ____paymentMethodName____"
"Payment","Pagamento"
"Payment ID","Payment ID"
"Payment Id","ID pagamento"
"Payment Information","Informazioni sul pagamento"
"Payment Method","Metodo di pagamento"
"Payment Method Listing","Elenco dei metodi di pagamento"
"Payment Page Title","Titolo pagina di pagamento"
"Payment captured successfully.","Pagamento salvato con successo."
"Payment could not be authorized. Cancelling order. Reason :","Il pagamento non potesse essere autorizzato. L'ordine sarà annullato. Motivo:"
"Payment details can be entered after placing the order","I dettagli di pagamento possono essere inseriti dopo avere effettuato l'ordinato."
"Payment from Applicable Countries","Payment from Applicable Countries"
"Payment from Specific Countries","Payment from Specific Countries"
"Payment from applicable countries","Pagamento da paesi applicabili"
"Payment from specific countries","Pagamento da paesi specifici"
"Payment is pending at OgoneCw","Pagamento in sospeso in OgoneCw."
"Payment method description","Descrizione di metodo di pagamento"
"Payment with %s","Pagamento con %s"
"Payment with Ogone","Pagamenti con ____ paymentServiceProviderName____"
"Payments may be updated periodically (interval in minutes). To use this feature you have to setup magento cron","I pagamenti possono essere aggiornati automaticamente (intervallo in minuti) via API (se attivato). Per utilizzare questa funzione, il Magento Cron deve essere abilitato."
"Pending","In sospeso"
"Pending OgoneCw","OgoneCw in attesa"
"Phone Number","Numero di telefono"
"Place Order","Fare un ordine"
"Please agree to all the terms and conditions before placing the order.","Accetta i termine e le condizioni prima di fare un ordine."
"Please check the entered CVC number.","Si prega di controllare il numero CVC inserito."
"Please check the entered credit card number.","Si prega di controllare il numero di carta di credito inserito."
"Please enter here a salutation.","Inserisci un saluto qui."
"Please enter here the Bank Identifier Code (BIC).","Inserisci qui il codice di identificazione bancario (BIC)."
"Please enter here the CVC code from your card. You find the code on the back of the card.","Inserisci qui il codice CVC che si trova sul retro della tua carta."
"Please enter here the International Bank Account Number (IBAN).","Si prega di inserire l'IBAN (numero di conto bancario internazionale)."
"Please enter here the account holder name on the card.","Si prega di inserire qui il nome del titolare del conto sulla carta."
"Please enter here the account holder name.","Si prega di inserire qui il nome del titolare del conto."
"Please enter here the account number of your bank account.","Si prega di inserire l'IBAN (numero di conto bancario internazionale)."
"Please enter here the bank code of your bank.","Si prega di inserire il codice banca ."
"Please enter here the card holder name on the card.","Inserire qui il nome del titolare della carta."
"Please enter here the commercial number of your company.","Si prega di inserire il numero di iscrizione nel registro delle imprese."
"Please enter here the name of the account owner.","Si prega di inserire il nome del titolare del conto."
"Please enter here the number on your card.","Si prega di inserire il numero di carta di carta di credito."
"Please enter here the sales tax number of your company.","Inserisci qui la partita IVA della tua azienda."
"Please enter here your phone number.","Inserisci qui il tuo numero di telefono."
"Please enter here your social security number.","Si prega di inserire il numero di sicurezza sociale."
"Please enter the location of your bank.","Si prega di inserire la posizione della banca."
"Please enter the name of your bank.","Si prega di inserire il nome della banca."
"Please enter your IBAN number.","Inserisci il tuo numero IBAN."
"Please enter your issue number, if there is no CVC code on your card.","Inserisci l'issue number, se non c'é alcun codice CVC sulla carta."
"Please enter your salutation.","Please enter your salutation."
"Please enter your salution.","Inserisci un saluto qui."
"Please flash or disable the cache storage and retry. If this did not help, change the authorization method to PaymentPage and <a href=""%s"" target=""_blank"">contact sellxed</a>.","Svuota o disabilita la memoria cache e riprova. Se non dovesse aiutare, cambia il metodo di autorizzazione in PaymentPage and <a href=""%s"" target=""_blank"">contact sellxed</a>."
"Please flash or disable the cache storage and retry. If this did not help, change the authorization method to PaymentPage and <a href=""%s"" target=""_blank"">contact sellxed</a>.', 'http://www.sellxed.com/en/support","Si prega di lampeggiare o disabilitare la memoria cache e riprovare. Se questo non ha aiutato, cambiare il metodo di autorizzazione per PaymentPage e <a href=""%s"" target=""_blank"">contattare sellXed</a>.', 'http://www.sellxed.com/en/support"
"Please flush or disable the cache storage and retry. If this did not help, change the authorization method to PaymentPage and <a href=""%s"" target=""_blank"">contact sellxed</a>.","Svuota o disabilita la memoria cache e riprova. Se questo non aiuta, cambia il metodo di autorizzazione in PaymentPage e <a href=""%s"" target=""_blank"">contatta sellxed</a>."
"Please log in below:","Log in"
"Please select","Si prega di selezionare"
"Please select a shipping method before sending the order.","Seleziona un metodo di spedizione prima di inviare l'ordine."
"Please select the Bank Identifier Code (BIC) of your bank.","Seleziona il Bank Identifier Code (BIC) della  banca."
"Please select the day of your birth.","Si prega di selezionare il giorno della tua nascita."
"Please select the expiry month on your card.","Devi inserire il mese della scadenza della carta."
"Please select the expiry year on your card.","Inserisci la data di scadenza della carta."
"Please select the month of your birth.","Seleziona il mese di nascita."
"Please select the the year of your birth.","Si prega di selezionare l'anno di nascita."
"Please select your gender.","Seleziona il genere"
"PostFinance FIS","PostFinance FIS"
"Price","Prezzo"
"Processor","Processore"
"Processor Country","Paese del processore"
"Product","Prodotto"
"Product Name","Nome del prodotto"
"Purchase Point","Luogo di acquisto"
"Qty","Quantità"
"RatePAY","RatePAY"
"RatePay","RatePay"
"Received status update. The transaction was declined","Ricevuto l'aggiornamento di stato. La transazione è stata rifiutata"
"Received status update. The transaction was successful","Ricevuto l'aggiornamento di stato. L'operazione ha avuto successo"
"Received update notification with unexcpected state: !status","Ricevuta una notifica di aggiornamento di uno status imprevisto:"
"Received update notification with unexcpected status: !status","Ricevuto notifica di aggiornamento con lo stato unexcpected:  !status"
"Recurring Payments","Pagamenti ricorrenti"
"Red","Rosso"
"Redirection Parameters generated.","Parametri reindirizzamento generati."
"Refund Amount","Importo rimborsato"
"Refund ID","ID rimborso"
"Refund amount","Importo rimborsato"
"Refund information","Informazione sul rimborso"
"Refund status","Status rimborso"
"Refunded Amount","Importo rimborsato"
"Refunds","Crediti"
"Refused Transaction Threshold","Rifiutato Soglia di transazione"
"Register","Registrarsi"
"Register to Create an Account","Iscriviti per creare un account"
"Register with us for future convenience:","Iscriviti per facilitare la tua prossima visita:"
"Release Date","Data di rilascio"
"Remove","Eliminare"
"Reset","Reset"
"Review","Revisione"
"Risk Category","Categoria di rischio"
"Risk Scoring","Punteggio del rischio"
"Rounding Adjustment","Arrotondamenti"
"Row Total","Totale riga"
"SAH IN signature is wrong.","Firma SHA IN sbagliata."
"SEPA Mandate ID","SEPA Mandate ID"
"SHA-1","SHA-1"
"SHA-256","SHA-256"
"SHA-512","SHA-512"
"SHA-IN Passphrase","SHA-IN Signatur"
"SHA-OUT Passphrase","SHA-OUT Passphrase"
"SKU:","SKU:"
"Sales","Vendite"
"Sales Tax Number","Numero tasse vendite"
"Salutation","Appellativo"
"Save","Salva"
"Saved cards:","Carte salvate"
"See order and shipping status","Controlla l'ordine e lo stato della spedizione"
"Select Brand","Seleziona Marca"
"Select Method","Seleziona metodo"
"Select the authorization method to use for processing this payment method.","Seleziona il metodo di autorizzazione da utilizzare per l'elaborazione di questo metodo di pagamento."
"Select the country code defined in the backend of Ogone for this payment method.","Seleziona il codice paese definito nel backend di Ogone per questo metodo di pagamento."
"Select the country to process your bank transfers.","Seleziona il paese per processare i bonifici bancari."
"Select the date of your birth.","Inserisci la data di nascita"
"Select the date on which your card expires.","Seleziona la data di scadenza della carta."
"Select the hash calculation method to use. This value must correspond with the selected value in the back-end of Ogone.","Seleziona il metodo di calcolo del hash. Questo valore deve coincidere con il valore del backend di Ogone."
"Select the processor for direct debit transactions.","Selezionare il processore per le operazioni di addebito diretto."
"Select the processor for installments.","Seleziona il processore per i pagamenti."
"Select the processor for open invoice.","Seleziona il processore per una fattura aperta."
"Select your gender","Seleziona il genere"
"Send Invoice Email","Invia la fattura per email"
"Send amounts to Ogone in base currency.","Invia l'importo a Ogone  in base alla valuta."
"Send amounts to Ogone in store's base currency.","Invia importo a Ogone  nella valuta base del negozio."
"Send invoice email","Invia la fattura via email"
"Send the invoice email automatically after invoice creation.","Invia la fattura automaticamente via email dopo averla creata."
"Set direct capture after order. In this case your authoization will directly be captured on your customer's credit card","Per la 'Contabilizzazione diretta' l'importo viene contabilizzato direttamente dopo il pagamento completato. Per la 'Contabilizzazione ritardata' l'importo viene addebitato solo dopo un periodo di tempo definito da voi."
"Set the sort order to show the external checkouts.","Impostare il criterio di ordine per visualizzare i checkout esterni."
"Settlement after order","Creazione dopo l'ordine"
"Setup","Setup"
"Shipping & Handling","Shipping & Handling"
"Shipping Address","Shipping Address"
"Shipping Amount","Importo di spedizione"
"Shipping Information","Informazioni di spedizione"
"Shipping Method","Metodo di spedizione"
"Shipping Methods","Metodi di spedizione"
"Shipping Refund","Rimborso della spedizione"
"Shop","Shop"
"Shop ID","ID Negozio"
"Short Installation Instructions:","Istruzioni per l'installazione breve:"
"Should the amount be captured automatically after the order (direct) or should the amount only be reserved (deferred)?","Qualora l'importo venga addebitato automaticamente dopo l'ordine (diretta) o solo bloccato (ritardato)?"
"Show","Mostra"
"Show Account Selection","Mostra la selezione dell'account"
"Show Further Settings and Information","Mostra ulteriori impostazioni e informazioni"
"Show Image","Mostra immagine"
"Show Payment Id","Mostra il Payment Id"
"Show the payment id","Mostra il payment ID"
"Show the payment id in the order information","Mostra il payment ID nell'informazione dell'ordine"
"Show the payment image","Mostra l'immagine di pagamento"
"Show the payment image on the checkout page","Mostra l'immagine di pagamento nella pagina di checkout"
"Sign In","Log in"
"Slovakia","Slovacchia"
"Social Security Number","Social Security Number"
"Solo Card","Solo Card"
"Some cards are not enrolled for the 3D secure process and you may exclude some cards from performing a 3D secure authorization. This setting controls, what should happend with these transactions. This setting requires that the parameter 'CCCTY' is returned.","Alcune carte non sono iscritte a 3D secure ed é possibile evitare che alcune carte eseguano un'autorizzazione 3D secure. Questa impostazione controlla quello che dovrebbe accadere in questa situazione. Questa impostazione richiede che sia restituito il parametro 'CCCTY'."
"Some credentials for the API access are invalid. Error Code: !code","Alcune credenziali per l'accesso API non sono valide. Errore: !code"
"Some input was invalid.","Input non valido"
"Sort Order","Sort Order"
"Static Tempalte Css","Static Template Css"
"Static Template Css","Static Template Css"
"Status","Stato"
"Status after HTTP Update Payment Received Status","Status dopo HTTP Aggiornamento pagamento ha ricevuto"
"Store the payment details","Salvare i dati di pagamento"
"Stored payment details","Dettagli di pagamento memorizzate"
"Submit Order","Conferma l'ordine"
"Submitting order information...","Invio informazioni sull'ordine ..."
"Subtotal","Totale parziale"
"Success","Successo"
"Successful","Successo"
"Successful online refund of amount","Rimborso online dell'importo andato a buon fine."
"Successful payment authorization.","Pagamento autorizzato con successo."
"Successfull online refund of amount","Rimborso online dell'importo andato a buon fine."
"Support","Supporto"
"Sweden (SE)","Svezia (SE)"
"Switzerland (CH)","Svizzera (CH)"
"Table Background Color","Colore di sfondo della tabella"
"Table Text Color","Colore del testo della tabella"
"Tax Amount","Importo Tassa"
"Technical issue: This payment methods is not available at the moment.","Problema tecnico: Questo metodo di pagamento non é disponibile in questo momento."
"Telego (Direct Debits DE)","Telego (Direct Debits DE)"
"Template URL","URL template"
"Template URL for own template","URL del modello personalizzato"
"Template Url","Template Url"
"Test Account SHA-IN Passphrase","Test account SHA-IN Passphrase"
"Test Account SHA-OUT Passphrase","Test account SHA-OUT Passphrase"
"Test Mode","Test Mode"
"Test PSPID","Test PSPID"
"Test Transaction","Test per la transazione"
"Text Color","Colore del testo"
"The 'account number' field cannot be empty.","Il campo 'numero di conto' non può essere vuoto."
"The 'account owner' field cannot be empty.","Il campo 'proprietario account' non può essere vuoto."
"The 'account_number' field cannot be longer than 10 digits.","Il campo 'account_number' non può essere più lungo di 10 cifre."
"The 'account_number' field must be 11 digits long.","Il campo 'account_number' deve essere di 11 cifre."
"The 'bank code' field cannot be empty and it must be 5 digits long.","Il campo 'codice bancario' non può essere vuoto e deve essere lungo 5 cifre."
"The 'bank code' field cannot be empty and it must be 8 digits long.","Il campo 'codice bancario' non può essere vuoto e deve essere lungo 8 cifre."
"The CVC code is too long.","Il codice CVC é troppo lungo."
"The CVC contains invalid chars.","Il CVC contiene caratteri non validi."
"The Font Family that will be used","Il font che sarà utilizzato"
"The HMAC key as defined in the live backoffice of Ogone. You may need generate the HMAC key. Please take a look at the manual how to do this.","The HMAC key as defined in the live backoffice of Ogone. You may need generate the HMAC key. Please take a look at the manual how to do this."
"The PSPID as given by the Ogone.","PSPID dal Ogone."
"The SEPA mandate schema does not contain the tag '!tag'. This tag is required.","Lo schema mandato SEPA non contiene il tag '!tag' necessario."
"The SHA signature of the 3D Secure callback was not valid.","La firma SHA 3D Secure callback non é stato convalido."
"The SHA signatures do not match.","La SHA signatures non corrisponde."
"The URL indicated here is rendered as Template. For this you must select option 'Use own template'. The URL must point to an HTML page that contains the string '$$$PAYMENT ZONE$$$'. This part of the HTML file is replaced with the form for the credit card input.","L'URL fornito qui viene passato come modello. Per questo é necessario selezionare l'opzione 'Utilizzare modello personalizzato'. L'URL deve puntare a una pagina HTML che contiene la stringa '$$$PAYMENT ZONE$$$'. Questa parte del file HTML viene sostituito con il modulo per l'ingresso della carta di credito."
"The URL indicated here is used to rendered the template for mobile devices. This field is only considered when the option mobile template is set to 'Use own template'.","L'URL indicato qui viene utilizzato per fornire il template per i dispositivi mobili. Questo campo è mostrato solo quando l'opzione template per i dispositivi mobili è impostata su 'Usa proprio template'."
"The acquiring system is not available. Hence the authorization is not completed.","Il sistema di acquisizione non é disponibile. Quindi l'autorizzazione non é stata completata."
"The alias could not be found.","L'alias non é stato trovato."
"The alias has been deleted.","L'alias é stato cancellato."
"The alias manager allows the customer to select from a credit card previously stored. The credit card data is stored by Ogone.","L'Alias Manager consente al cliente di pagare con una carta di credito già salvata precedentemente. Questa carta di credito é salvata in ____ paymentServiceProviderName____."
"The alias transaction could not be conductet with error code: !code, and reason: !reason:","The alias transaction could not be conductet with error code: !code, and reason: !reason:"
"The amount could not be verified.","The amount could not be verified."
"The amount of !amount is authorized.","La quantità di !amount é autorizzata."
"The amount of !amount is captured.","La quantità di !amount é registrata."
"The authorization could not be completed, due to a delayed external validation of the payment.","L'autorizzazione non ha potuto andare a buon fine, a causa del ritardo nella validazione esterna del pagamento."
"The authorization declined by the aquirer.","L'autorizzazione é stata rifiutata dall'acquirente."
"The authorization is refused.","L'autorizzazione é stata rifiutata."
"The authorization method '!method' is not supported.","Il metodo autorizzazione '!method' non é supportato."
"The authorization was not successful","The authorization was not successful"
"The brand of the credit card is detected by the card number if hidden authorization is used. If the payment page is used, the user has to select the brand. The allowed credit card brands can be restricted by this setting.","The brand of the credit card is detected by the card number if hidden authorization is used. If the payment page is used, the user has to select the brand. The allowed credit card brands can be restricted by this setting."
"The brand with external name '!key' was not present in the map.","Il marchio con il nome esterno '!key' non era presente nella mappa."
"The brand with key '!key' was not found in the card information map.","Il marchio con la chiave !key' non é stata trovata nella mappa dati della carta."
"The cancellation could not be conducted. Error code: !error.","The cancellation could not be conducted. Error code: !error."
"The cancellation is processed offline.","L'annullamento viene elaborato offline."
"The capture amount (!captureAmount) cannot be greater than the authorized amount (!authorizedAmount).","La quantità da registrare (!captureAmount) non può essere superiore all'importo autorizzato (!authorizedAmount)."
"The capture item with SKU '@sku' has a higher amount (@amountItem) as the original item (@amountOriginal).","Il prodotto registrato con SKU '@sku' a una quantità (@amountItem) superiore rispetto al prodotto originale (@amountOriginal)."
"The capture item with SKU '@sku' is not present in the original order.","Il prodotto registrato con SKU '@sku' non é presente nell'ordine originale."
"The capturing could not be conducted. Error code: !error.","The capturing could not be conducted. Error code: !error."
"The capturing is in progress.","La registrazione é in corso."
"The capturing is in uncertain.","La registrazione é incerta"
"The card brand selection is automatically done depending on the entered card number. If no Javascript is active in the browser, a drop down is shown. In case JavaScript a the brand logos can be shown. Should the brand selection using images?","The card brand selection is automatically done depending on the entered card number. If no Javascript is active in the browser, a drop down is shown. In case JavaScript a the brand logos can be shown. Should the brand selection using images?"
"The card number contains invalid chars.","Il numero della carta contiene caratteri non validi."
"The card number is too long.","Il numero della carta é troppo lungo."
"The card number is too short.","Il numero della carta é troppo breve."
"The cardholder name is missing.","Il nome del titolare della carta é mancante."
"The cardholder name is too long.","Il nome del titolare della carta è troppo lungo."
"The checkout process was not successful. Please try again.","Il processo di pagamento non é andato a buon fine. Si prega di provare di nuovo."
"The colors can be specified by their hexadecimal code (#FFFFFF) or their name (white).","I colori possono essere specificati con il loro codice esadecimale (#FFFFFF) o il loro nome (white)."
"The configuration has been saved.","La configurazione é stata salvata."
"The controller class '@controller' does not provide any method with annotation 'Customweb_Payment_Endpoint_Annotation_ExtractionMethod' and valid output.","La classe del controllore '@controller' non fornisce alcun metodo con annotazione 'Customweb_Payment_Endpoint_Annotation_ExtractionMethod'   e un valido output."
"The countries listed in this field are used to mark transaction as uncertain. The behavior depends on the setting above 'Non 3D Secure Behavior'. The country code is taken from the card. You need to make sure you return the parameter 'CCCTY'. As indicated by Ogone this value is only for 94% of the transaction correct. The list below must be a comma separated list of country codes. The codes must be in ISO 3166-2 format (e.g. DE,IT,FR).","I paesi elencati in questo campo sono usati per contrassegnare la transazione come incerta. Il comportamento dipende dall'impostazione 'comportamento 3D Secure non sicuro '. Il codice del paese é intuito direttamente dalla carta. È necessario assicurarsi di rimettere il parametro 'CCCTY'. Come indicato da Ogone questo valore é corretto solo per il 94% delle transazioni. L'elenco che segue deve essere un elenco separato da virgole dei codici dei paesi. I codici devono essere in formato ISO 3166-2 (es. DE, IT, FR)."
"The credit card is expired.","La carta di credito é scaduta."
"The customer does not finish the payment with in the timeout.","Il cliente non completa il pagamento entro il tempo stabilito."
"The data will be processed offline.","I dati saranno trattati offline."
"The date of birth is required.","È richiesta la data di nascita."
"The entered salutation is too long. It can not be longer than 5 chars.","Il saluto inserito è troppo lungo. Non può essere più lungo di 5 caratteri."
"The expiry date is invalid.","La data di scadenza non é valida."
"The gender is required.","Il sesso deve essere specificato."
"The given CVC code has the wrong length.","Il dato codice CVC ha la lunghezza sbagliata."
"The given card number has an invalid check sum.","Il numero della carta fornito ha un checksum non valido."
"The given card number has an invalid length.","Il numero della carta fornito ha una lunghezza non valida."
"The given currency (!currency) is not 3 chars long. It must be in the ISO 4217 format.","La valuta data (!currency) non é lunga 3 caratteri. Deve essere in formato ISO 4217."
"The given hmac key is empty.","The given hmac key is empty."
"The given identifier is empty.","The given identifier is empty."
"The given password is empty.","The given password is empty."
"The given rang is empty. It must be a nummeric value with length of two.","The given rang is empty. It must be a nummeric value with length of two."
"The given rang is invalid. It must be a nummeric value with length of two.","The given rang is invalid. It must be a nummeric value with length of two."
"The given site number is empty.","The given site number is empty."
"The identifier as defined in the backoffice of Ogone.","The identifier as defined in the backoffice of Ogone."
"The invoice could not be captured and processed by","Il conto non può essere contabilizzato o trattato da Ogone."
"The invoice could not be captured and processed. Reason:","La fattura non può essere registrata e processata. Causa:"
"The invoice could not be found.","La fattura non é stato trovata."
"The invoice has been changed.","La fattura é stata cambiata."
"The invoice no longer exists.","La fattura non esiste più."
"The layout does not contain the tag '!layout_tag'.","Il layout non contiene il tag '!layout_tag'."
"The module can perform a check of the country code provided by the issuer of the card, the IP address country and the billing address country. In case they do not match, the transaction is marked as uncertain. This setting does not override any other rule for marking transaction as uncertain.","Il modulo può eseguire un controllo del codice del paese fornito dall'emittente della carta, del paese dell'indirizzo IP  e del paese dell' indirizzo di fatturazione. Nel caso in cui non corrispondano, la transazione viene contrassegnata come incerta. Questa impostazione non esclude alcuna altra regola per indicare la transazione come incerta."
"The next update execution date indicates when the next cron is run to update the transaction state.","La data del prossimo aggiornamento indica quando il prossimo cron é lanciato per aggiornare lo stato della transazione."
"The notification failed because the SHA signature seems not to be valid.","La notifica non é riuscita perché la firma SHA sembra non essere valida."
"The order is not fully completed. Please contact the store owner.","Il pagamento non ha potuto andare a buon fine."
"The parameters ""3DSIGNVAL"" was false.","The parameters ""3DSIGNVAL"" was false."
"The payment could not be authorized, because it is not certain.","Il pagamento non potesse essere autorizzato, perché incerto."
"The payment form will be displayed after submitting the order.","Il formulario di pagamento sarà mostrato dopo aver effettuato l'ordine."
"The payment has been accepted.","Il pagamento é stato accettato."
"The payment has been denied.","Il pagamento é stato rifiutato."
"The payment is not finished. Hence it must be manually checked.","Il pagamento non é completato e pertanto deve essere controllato manualmente"
"The payment is refused.","Il pagamento é rifiutato."
"The payment method !paymentMethodName does not support the currency '!currency'.","ll metodo di pagamento !paymentMethodName non supporta la moneta '!currency'."
"The payment method !paymentMethodName is not available in your country ('!country').","Il metodo di pagamento !paymentMethodName non è disponibile nel tuo paese ('!country')."
"The payment update has been made.","L'aggiornamento del pagamento é stato fatto."
"The provided PSPID is empty. Please check the module settings.","Il campo del PSPID è vuoto. Controllare le impostazioni del modulo."
"The provided signature does not match with the one calculated.","La firma fornita non corrisponde a quella calcolata."
"The rang (PBX_RANG) as defined in the live backoffice of Ogone. It must be nummeric value with length two. In the backoffice it may be displayed as a three char value. You must truncate the first digit.","The rang (PBX_RANG) as defined in the live backoffice of Ogone. It must be nummeric value with length two. In the backoffice it may be displayed as a three char value. You must truncate the first digit."
"The refund is in progress.","Il rimborso é in corso."
"The refund is in uncertain.","Il rimborso é incerto."
"The refund item with SKU '@sku' has a higher amount (@amountItem) as the original item (@amountOriginal).","Il prodotto rimborsato con SKU '@sku' ha una quantità (@amountItem) superiore rispetto al prodotto originale (@amountOriginal)."
"The refund item with SKU '@sku' is not present in the original order.","Il prodotto rimborsato con SKU '@sku' non é presente nell'ordine originale."
"The refunding could not be conducted. Error code: !error.","The refunding could not be conducted. Error code: !error."
"The request does not contain a 'SHASIGN' parameter. The cause is that the callback in the background is not executed.","La richiesta non contiene un parametro 'SHASIGN'. La causa é che il callback in background non viene eseguito."
"The result of the authorization is not known.","Il risultato della autorizzazione non é noto."
"The salutation can not be longer than 5 chars.","Il saluto non può essere più lungo di 5 caratteri."
"The server response was not valid. Response: @response","La risposta del server non era valida. Risposta: @response"
"The shopping cart has been altered!","Il carrello é stato modificato!"
"The signature could not be verified.","The signature could not be verified."
"The site id (PBX_RANG) as defined in the backoffice of Ogone.","The site id (PBX_RANG) as defined in the backoffice of Ogone."
"The test PSPID as given by the Ogone.","PSPID test dal Ogone."
"The total refund amount (!totalRefundedAmount) cannot be greater than the captured amount (!capturedAmount).","L'importo totale rimborsato (!totalRefundedAmount) non può essere superiore all'importo acquisito (!capturedAmount)."
"The transaction cannot be cancelled online.","Impossibile cancellare la transazione online."
"The transaction cannot be captured online.","Impossibile registrare la transazione online."
"The transaction cannot be refunded online.","Impossibile rimborsare la transazione online."
"The transaction could not be cancelled. Details: @details","L'operazione non può essere annullata. Dettagli: @details"
"The transaction could not be captured. Details: @details","La transazione non può essere registrata. Dettagli: @details"
"The transaction could not be refunded. Details: @details","La transazione non può essere rimborsata. Dettagli: @details"
"The transaction failed due to a unkown reason.","L'operazione non é andata a buon fine a causa di una ragione sconosciuta."
"The transaction failed with error code !code.","The transaction failed with error code !code."
"The transaction id is incorrect.","Il transaction id non é corretto."
"The transaction is cancelled.","La transazione é stata annullata con successo."
"The transaction is only executed in the test system. The goods should not be delivered.","La transazione viene eseguita solo nel sistema di test. Le merci non devono essere consegnate."
"The transaction was refused, but the cancellation failed","La transazione é stata rifiutata, ma l'annullamento non é andato a buon fine."
"The whole transaction is cancelled.","L'intera transazione é stata annullata."
"There has been a problem during the processing of your payment.","C'é stato un problema durante l'elaborazione del tuo pagamento."
"There has been a problem during the processing of your payment. Please contact the shop owner to make sure your order was placed successfully.","Si é verificato un problema durante l'elaborazione del pagamento. Si prega di contattare il proprietario del negozio per assicurarsi che il vostro ordine sia stato effettuato con successo."
"There is a problem with your license. Please contact us (www.sellxed.com/support). Reason: %1","Si é verificato un problema con la tua licenza. Ti preghiamo di contattarci (www.sellxed.com/support). Reason: %1"
"There is a problem with your license. Please contact us (www.sellxed.com/support). Reason: %s","C'é un problema con la tua licenza. Contattaci (www.sellxed.com/support). Causa : %s"
"There is already a customer registered using this email address. Please login using this email address or enter a different email address to register your account.","Questo indirizzo email é già registrato. Effettua il login o inserisci un nuovo indirizzo email per creare un account."
"There seems to be a problem with the Ogone module.","Sembra esserci un problema con il modulo Ogone."
"There was an error validating the login and password.","C'è stato un errore durante la convalida del login e password."
"This URL has to be placed in the backend of Ogone under Configuration > Technical Information > Transaction Feedback and their in the field for 'HTTP request for status changes'.","Questo URL deve essere posizionato nel backend di Ogone in Configuration > Technical Information > Transaction Feedback in campo per 'HTTP request for status changes'."
"This URL has to be placed in the backend of Ogone under Configuration > Technical Information > Transaction Feedback and their in the two fields for 'Direct HTTP server-to-server request'.","Questo URL deve essere posizionato nel backend di Ogone in Configurazione > Informazioni tecniche > Transaction Feedback e loro nei due campi per 'Direct HTTP server-to-server request'."
"This URL is used by default for handling the dynamic template of Ogone. To use this feature "" . ""you may need activate the feature in your account and you need to add the domain to the Trusted website hostnames. To work properly in all browser you need HTTPS on your server and domain.","Questo URL viene utilizzato di default per la gestione del modello dinamico di Ogone. Per utilizzare questa funzione potrebbe essere necessario attivare la funzione nel tuo account ed é necessario aggiungere il dominio ai hostname attendibili del sito. Per funzionare correttamente in tutti i browser é necessario HTTPS sul server e dominio."
"This account is not confirmed. <a href=""%s"">Click here</a> to resend confirmation email.","Questo account non é confermato. <a href=""%s"">Clicca qui</a> per rimandare l'email di conferma."
"This is a brief instruction of the main and most important installation steps, which need to be performed when installing the Ogone module. For detailed instructions regarding additional and optional settings, please refer to the enclosed instructions in the zip.","Questa é una breve istruzione delle fasi di installazione più importanti, che devono essere eseguite quando si installa il modulo Ogone. Per istruzioni dettagliate relative alle impostazioni aggiuntive e opzionali, consultare le istruzioni allegate nello zip."
"This parameter is sometimes transmitted to the acquirer (depending on the acquirer), in order to be shown on the account statements of the merchant or the customer. The prefix can contain the tag {id}. It will then be replaced by the order number (e.g. name {id}). (Payment Page only)","Questo parametro é talvolta trasmessa all'acquirente (dipende l'acquirente), in modo da essere indicato sugli estratti conto del commerciante o del cliente. Il prefisso può contenere il tag {id}. Sarà poi sostituito dal numero d'ordine (ad es name_{id})). Questo funziona solo quando si utilizza la pagina di pagamento (Payment Page)."
"This parameter is sometimes transmitted to the acquirer (depending on the acquirer), in order to be shown on the account statements of the merchant or the customer. The prefix can contain the tag {id}. It will then be replaced by the order number (e.g. name_{id}). (Payment Page only)","Questo parametro è talvolta trasmesso all'acquirente (dipende  dall'acquirente), per essere visualizzato sull'estratto conto del commerciante o cliente. Il prefisso può contenere il tag {id}. Sarà quindi sostituito dal numero d'ordine (ad esempio name_ {id}). (Solo pagina di pagamento)"
"This password is used for recurring payments and for the alias manager as well as for the server authorization. This is the password of the Ogone account.","This password is used for recurring payments and for the alias manager as well as for the server authorization. This is the password of the Ogone account."
"This setting can be used to activate resp. deactivate the 3D secure check. Please check with PayBox if you are allowed to deactivate the 3D secure check. This setting has only an effect when you use the payment page.","This setting can be used to activate resp. deactivate the 3D secure check. Please check with PayBox if you are allowed to deactivate the 3D secure check. This setting has only an effect when you use the payment page."
"This status is set, when the payment was successfull and it is authorized.","Questo status é selezionato quando il pagamento ha avuto esito positivo ed è autorizzato."
"This transaction is already closed for further captures.","Questa transazione é già chiusa."
"This transaction is already closed for further refunds.","Questa transazione é stata chiusa e non sono più possibili rimborsi."
"This transaction no longer exists.","La transazione non esiste più."
"Timeout for pending payments (min)","Timeout per i pagamenti in sospeso"
"Titel","Titolo"
"Title","Titolo"
"Title and Header of the payment page","Titolo e Header della pagina di pagamento"
"Title of the payment method","Nome del metodo di pagamento"
"To generate a SEPA mandate ID this schema can be used to customize it. However the tags '{year}', '{month}', '{day}' and '{random}' must be present in the schema. The {random} tag is filled with a random string of 20 chars.","Questo schema può essere utilizzato per personalizzare il SEPA mandate ID. Tuttavia i tag '{year}', '{month}', '{day}' e '{random}' devono essere presenti nello schema. Il {random} tag é riempito con una stringa casuale di 20 caratteri."
"Total","Totale"
"Total Shipping Charges","Totale spese di trasporto"
"Track order history","Traccia lo storico dell'ordine"
"Transaction","tbcl_ogonecw_transaction_view"
"Transaction Authorized","Transazione autorizzata"
"Transaction Cancelled","Transazione annullata"
"Transaction Captured","Transazione registrata"
"Transaction History","Storico della transazione"
"Transaction Id","Transaction ID"
"Transaction Paid","La transazione é stata pagata"
"Transaction Uncertain","Transazione incerta"
"Transaction Updates","Aggiornamenti delle transazioni"
"Transaction cancelled successfully","La transazione é stata annullata con successo."
"Transaction captured successfully","Transazione registrata con successo"
"Transaction history","Sintesi delle transazioni"
"Transaction was authorized over the deferred authorization mechanism.","La transazione é stata autorizzata con il meccanismo di autorizzazione differita."
"Transactions","Transazioni"
"UATP","UATP"
"URL of the logo you want to display at the top of the payment page. The URL must be absolute. The logo needs to be stored on a secure server. If you do not have a secure environment to store your image, contact your Ogone to store your logo on their server.","URL del logo che vuoi mostrare in alto nella pagina del pagamento. L'URL deve essere assoluto. Il logo deve essere depositato su un server sicuro. Se non si dispone di un ambiente sicuro per memorizzare l'immagine, rivolgersi al proprio Ogone per depositare il logo sul loro server."
"URLs","URL"
"Unable to save the invoice.","Impossibile salvare la fattura."
"Uncertain Status","Status incerto"
"Uncertain transactions","Transazioni incerte"
"Unknown reason","Motivo sconosciuto"
"Update","Aggiornamento"
"Update Qty's","Regolare la quantità"
"Update interval for payments","Intervallo di aggiornamento per i pagamenti"
"Use Base Currency","Usa valuta di base"
"Use Default","Usare le impostazioni standard"
"Use base currency","Usa la valuta di base"
"Use customweb hosted template","Utilizza un template customweb"
"Use own template","Utilizzare modello personalizzato"
"Use shop template","Utilizzare modello dal negozio"
"Use standard template (as selected above)","Usa il template standard  (Come selezionato in precedenza)"
"Use static template","Utilizzare lo static template"
"VISA","Visa"
"Validation","Validazione"
"Version","Versione"
"Vertical list of logos with the name on the left side","Elenco verticale di loghi con il nome sul lato sinistro"
"View","Visualizza"
"Wait On Success Page","Aspetta sulla pagina di successo"
"Waiting for client payment","In attesa del pagamento del cliente"
"We cannot get the transaction instance.","Non possiamo stabilire una transazione."
"We experienced a problem with your sellxed payment extension. For more information, please visit the configuration page of the plugin.","Si é verificato un problema con l'estensione del tuo pagamento sellxed . Per maggiori informazioni, si prega di visitare la pagina di configurazione del Ogone plugin."
"When the store is not available (network outage, server failure or any other outage), when the feedback of Ogone is sent, then the transaction state is not updated. Hence no order confirmation e-mail is sent and the order is not in the paid state. By activating the transaction update, such transactions can be authorized later over direct link. To use this feature the update service must be activated and the API username and the API password must be set.","Quando il negozio non é disponibile (rete, malfunzionamento del server o qualsiasi altra interruzione), quando vengono inviate le valutazioni di Ogone, lo status della transazione non viene aggiornato. Quindi nessuna conferma e-mail dell'ordine viene inviata e l'ordine non é stato pagato. Attivando l'aggiornamento delle transazioni, tali operazioni possono essere autorizzate in seguito con un link diretto. Per utilizzare questa funzione il servizio di aggiornamento deve essere attivato e il nome utente e la password API API devono essere impostati."
"When using an external checkout, the customer can either be asked to chose an option to authenticate (as guest, register or login) or he can always be checked out as guest. For the second option to work, guest checkout has to be enabled in magento.","Quando si utilizza un checkout esterno, può essere chiesto al cliente di scegliere l'opzione di autenticazione (come ospite, registrato o login) oppure può sempre fare il checkout come ospite. Affinché  la seconda opzione funzioni, il checkout come ospite deve essere abilitato in Magento."
"With the Dynamic Template you can design the layout of the payment page yourself. For the option 'Own template' the URL to the template file must be entered into the following box.","Con il modello dinamico é possibile progettare il layout della pagina di pagamento. Per l'opzione 'Modello personalizzato', l'URL per il file di modello deve essere inserito nella casella di seguito."
"With this option you can control which template is used for mobile devices. Per default the template for desktops is used. You can either use a own template (provided through the field below) or the customweb hosted template.","Con questa opzione puoi controllare quale template é utilizzato per i dispositivi mobili. Di default viene usato il template per il desktop. Puoi usare il tuo template (inserendolo nel campo sottostante) oppure quello di customweb."
"Wrong 'BRAND' was specified.","Indicato 'BRAND' sbagliato."
"Wrong bank account format.","Formato di conto corrente sbagliato."
"Year","Anno"
"Yes","Si"
"Yes, use images for the brand selection.","Yes, use images for the brand selection."
"You accept that your credit card informations are stored securly for future orders.","Accetti che le  informazioni della carta di credito vengano memorizzate in modo sicuro per ordini futuri."
"You can allow the customers to manage/delete their aliases in the their account.","Puoi permettere ai clienti di gestire/eliminare il loro alias nel loro account."
"You can create an API username in the back-end of Ogone. The API user is necessary for the direct communication between the shop and the service of Ogone.","E' possibile creare un nome utente API nel backend di Ogone. L'utente API é necessario per la comunicazione diretta tra il negozio e il servizio di Ogone."
"You can decide on the order status new orders should have after they are processed successfully.","Definire lo stato dell'ordine per i nuovi ordini, che sono stati trattati con successo."
"You can decide on the order status new orders should have that have an uncertain authorization status.","Definire lo stato dell'ordine per i nuovi ordini che hanno uno status incerto."
"You can specify the order status after the payment is received. In order to use this feature the http-request for Status Changes has to be set up as described in the manual.","E' possibile specificare lo stato dell'ordine dopo aver ricevuto il pagamento. Per poter utilizzare questa funzione, la richiesta HTTP per il cambio di status deve essere impostata come descritto nel manuale."
"You can specify the order status for new orders that have an uncertain authorisation status.","E' possibile specificare lo stato dell'ordine per i nuovi ordini che hanno uno stato di autorizzazione incerto."
"You can specify the order status for orders that are captured either directly after the order or manually in the backend.","È possibile specificare lo stato dell'ordine per gli ordini che vengono registrati subito dopo l'ordine o manualmente nel backend."
"You can specify the order status for orders that are refused after being in a uncertain state. In order to use this feature you will have to set up the http request for status changes as outlined in the manual.","E' possibile specificare lo stato dell'ordine per gli ordini che vengono rifiutati dopo essere stati in uno stato di incertezza. Per poter utilizzare questa funzione, é necessario impostare la richiesta HTTP di cambiamento di stato 
come indicato nel manuale."
"You can specify the order status for orders that are successful after being in a uncertain state. In order to use this setting, you will need to activate the http-request for status changes as outlined in the manual.","E' possibile specificare lo stato dell'ordine per gli ordini che sono andati a buon fine dopo essere stati in uno stato di incertezza. Per utilizzare questa impostazione, é necessario attivare la richiesta HTTP per i cambiamenti di stato, come indicato nel manuale."
"You can specify the order status when an order is cancelled.","È possibile specificare lo stato dell'ordine quando un ordine viene annullato."
"You created the order.","Hai creato questo ordine."
"You have no stored aliases.","Non hai nessun alias memorizzato."
"You have to enter a CVC code.","Si prega di inserire il codice CVC."
"You have to enter a card number.","SI prega di inserire il numero della carta di credito."
"You have to enter bank code of your bank.","Si prega di inserire il codice delle tua banca"
"You have to enter commercial number of you company.","Si prega di inserire il numero di iscrizione nel registro delle imprese."
"You have to enter either the CVC code or the issue number of your card.","Si prega di inserire il codice CVC o il numero di emissione della carta."
"You have to enter sales tax number of you company.","SI prega di inserire il numero di partita IVA."
"You have to enter sales tax number of your company.","È necessario inserire il numero di imposta sulle vendite della tua azienda."
"You have to enter the BIC.","Si prega di inserire il BIC della tua banca."
"You have to enter the CVC code from the back of your credti card.","Inserisci qui il codice CVC che si trova sul retro della tua carta."
"You have to enter the CVC code from your card.","Si prega di inserire il CVC della carta di credito."
"You have to enter the IBAN.","Si prega di inserire il codice IBAN."
"You have to enter the a card number.","SI prega di inserire il numero della carta di credito."
"You have to enter the account holder name on the card.","Si prega di inserire il nome del titolare del conto come scritto sulla carta."
"You have to enter the account holder name.","Si prega di inserire qui il nome del titolare del conto sulla carta."
"You have to enter the card holder name on the card.","Si prega di inserire il nome del proprietario della carta."
"You have to enter the card holder.","Si prega di inserire il nome del proprietario della carta."
"You have to enter the location of your bank.","Si prega di inserire la posizione della banca."
"You have to enter the month of the card expiry.","Devi inserire il mese della scadenza della carta."
"You have to enter the name of the account owner.","Si prega di inserire il nome del titolare del conto."
"You have to enter the name of your bank.","Si prega di indicare il nome della banca."
"You have to enter the year of the card expiry.","Si prega di inserire l'anno di scadenza della carta."
"You have to enter your IBAN Number.","Si prega di inserire il codice IBAN."
"You have to enter your bank account number.","Si prega di inserire l'IBAN (numero di conto bancario internazionale)."
"You have to enter your social security number.","Si prega di inserire il numero di sicurezza sociale."
"You may choose one of the cards you paid before on this site.","È possibile scegliere una delle schede usate in precedenza:"
"You may choose one of your stored payment details.","È possibile scegliere uno dei tuoi dati di pagamento memorizzati."
"You must define your gender.","Seleziona il genere"
"You must enter the company registration number.","Si prega di inserire il numero di iscrizione nel registro delle imprese."
"You must enter the sales tax number.","Si prega di inserire il codice fiscale di vendita."
"You must enter your phone number.","Devi inserire il tuo numero di telefono."
"You must enter your salutation.","Inserisci un saluto qui."
"You must enter your social security number.","Si prega di inserire il numero di sicurezza sociale."
"You need to define an API password in the module settings.","È necessario scegliere una password di API nelle impostazioni del modulo."
"You need to define an API user id in the module settings.","È necessario definire un ID utente per l'API nelle impostazioni del modulo."
"You select to use a own mobile template. However you do not specify any template URL for mobile devices.","Hai deciso di utilizzare il tuo template per la versione mobile. Tuttavia non hai specificato nessun URL per il template per i dispositivi mobili."
"You will be redirect to the order confirmation page.","Verrai reindirizzato alla pagina di conferma dell'ordine."
"Your browser does not allow the execution of JavaScript. Please activate JavaScript in your browser and reload this page.","Il tuo browser non permette l'esecuzione di JavaScript. Si prega di attivare JavaScript nel tuo browser e ricarica questa pagina."
"Your card number is invalid.","Il numero della carta non é valido."
"Your card number is invalid. May be you choose the wrong credit card type.","Il numero della carta non è valido. Si potrebbe avere scelto il tipo sbagliato di carta di credito"
"OgoneCw Aliases","OgoneCw Alias"
"____paymentMethodName____","____paymentMethodName____"
"Ogone Aliases","Ogone Aliases"
"Ogone Error","Errore di Ogone"
"Ogone Parameters","Impostazioni per Ogone"
"Ogone Refund Items","Articoli rimborsati Ogone"
"Ogone Section","Sezione Ogone"
"Ogone Transactions","Ogone transazioni"
"Ogone:","Ogone:"
"Ogone: Alias Management","Ogone: Alias Management"
"customweb ltd","customweb SRL"
"no","no"
"or","oppure"
"yes","Si"
