"* Required Fields","* Required Fields"
"-- No Status Change --","-- No Status Change --"
"3D Secure","3D Secure"
"3D Secure Authentication","3D Secure Authentication"
"3D Secure failed","3D Secure mislukt"
"3D Secure sucess","3D Secure succes"
"<span class=""card-expiry-format-note"">The expected format is '!format' where the 'MM' means the month number and 'YY' the year number.</span>","<span class=""card-expiry-format-note"">De verwachte formaat is '!format' waar de 'MM' is de maand nummer en 'YY' het jaartal.</span>"
"A authorized transaction cannot be authorized again.","Een geautoriseerde transactie kan niet worden weer geautoriseerd."
"A authorized transaction cannot be marked as failed.","Een geautoriseerde transactie kan niet worden gemarkeerd als mislukt."
"A cancelled transaction cannot be authorized.","Een geannuleerde transactie kan niet worden geautoriseerd."
"A cancelled transaction cannot be cancelled again.","Een geannuleerde transactie kan niet worden weer geannuleerd."
"A cancelled transaction cannot be captured.","Een geannuleerde transactie kan niet worden weer opgenomen."
"A cancelled transaction cannot be marked as failed.","Een geannuleerde transactie kan niet worden gemarkeerd als mislukt."
"A cancelled transaction cannot be refunded.","Een geannuleerde transactie kan niet worden bijgeschreven."
"A captured transaction cannot be authorized.","Een opgenomen transactie kan niet worden geautoriseerd."
"A captured transaction cannot be cancelled.","Een opgenomen transactie kan niet worden geannuleerd."
"A captured transaction cannot be marked as failed.","Een opgenomen transactie kan niet worden gemarkeerd als mislukt."
"A failed authorization cannot be authorized.","Een mislukte autorisatie kan niet worden geautoriseerd."
"A payment method may not available for customers from different counties. You can decide when this availability check should happen. We recommend to set it during authorization","Sommige betaalmethoden zijn niet beschikbaar voor bepaalde landen. U kunt de tijd waarop de beschikbaarheid cheque te voeren taken. Wij adviseren om op 'Tijdens de autorisatie'."
"A refund was added over !amount.","Een terugbetaling van !amount werd toegevoegd."
"A transaction may be uncertain, when the payment is not guaranteed. For example in case the credit card does not participate in the 3D procedure.","Een transactie kan onveilig zijn als de betaling niet is gegarandeerd. Bijvoorbeeld, als de credit card niet tot het 3D Secure proces."
"A typical pattern of a fraud transaction is a series of refused transaction before one of them is accepted. This setting defines the threshold after any following transaction is marked as uncertain. E.g. a threshold of three will mark any successful transaction after three refused transaction as uncertain.","Een typisch patroon van een transactie fraude een aantal geweigerde transactie alvorens een van hen wordt aanvaard. Deze instelling bepaalt de drempel na elke volgende transactie wordt gemarkeerd als onzeker. Bijv. een drempel van drie zal elke succesvolle transactie markeren na drie weigerden transactie als onzeker."
"API Password","API Wachtwoord"
"API Username","API Gebruikersnaam"
"About","About"
"Acceptance","Aanvaarding"
"Account Holder Name","Naam rekeninghouder"
"Account owner name.","Rekeninghouder naam"
"Action","Actie"
"Actions","Actions"
"Activate","Activate"
"Active","Actief"
"Add new","Add new"
"Additional Information","Additional Information"
"Adjust Qty","Pas de hoeveelheid"
"Adjustment Discount","Adjustment Discount"
"Adjustment Fee","Adjustment Fee"
"After payment selection","Na het selecteren van de betaalmethode"
"AfterPay","AfterPay"
"Ajax authorization not supported.","Ajax machtiging wordt niet ondersteund."
"Alias","Alias"
"Alias For Display","Alias ​​voor Beeldscherm"
"Alias Gateway","Alias Gateway"
"Alias Manager","Alias Manager"
"Alias Token","Alias Token"
"Alias manager","Alias manager"
"All Customers","All Customers"
"All country codes must match.","Alle land-codes moeten overeenkomen."
"Allowed Currencies","Allowed Currencies"
"Allowed currencies for this payment method","Toegestane valuta voor deze betaalmethode"
"Already registered?","Already registered?"
"Always Checkout as Guest","Always Checkout as Guest"
"American Express","American Express"
"Amount","Bedrag"
"Amount Incl. Tax","Amount Incl. Tax"
"An expiry month must be selected.","Een vervaldatum maand moet worden gekozen."
"An expiry year must be selected.","Een vervaldatum jaar moet worden gekozen."
"Are you a German merchant?","Bent u een Duitse koopman?"
"Are you sure you want to cancel this order?","Are you sure you want to cancel this order?"
"Austria (AT)","Oostenrijk (AT)"
"Author","Author"
"Authorization Amount","Autorisatie bedrag"
"Authorization Failed","Autorisatie mislukt"
"Authorization Method","Autorisatie Methode"
"Authorization is uncertain.","Autorisatie is onzeker"
"Authorization refused","Authorization refused"
"Authorized Status","Authorized Status"
"Await Notification","Await Notification"
"Awaiting confirmation","Awaiting confirmation"
"BIC","BIC"
"Background Color","Background Color"
"Bad signature format.","Bad signature format."
"Bank Location","Bank Locatie"
"Bank Name","Bank Naam"
"Bank account number","Bankrekeningnummer"
"Bank code number","Bankcode"
"Before payment selection","Vóór het selecteren van de betaalmethode"
"Belgium (BE)","België (BE)"
"BillPay","BillPay"
"Billing Address","Billing Address"
"Billing Information","Billing Information"
"Billing address","Factuuradres"
"Billpay","Billpay"
"Brand","Brand"
"Brand Country","Brand Country"
"Brand Name","Brand Name"
"Brand and card number do not match.","Kaarttype en kaartnummer niet overeenkomen."
"Button Background Color","Button Background Color"
"Button Text Color","Button Text Color"
"By setting the capturing the reservation can be captured directly after the order or later manually over the backend of the store.","By setting the capturing the reservation can be captured directly after the order or later manually over the backend of the store."
"CVC Code","CVC Code"
"Cancel","Cancel"
"Cancel ID","Cancel ID"
"Cancel pending orders when out of stock","Lopende orders te annuleren als het item is niet langer op voorraad."
"Cancel status","Cancel status"
"Canceled OgoneCw","Canceled OgoneCw"
"Canceling of this payment not possible!","Deze betaling kan niet worden geannuleerd!"
"Cancelled Status","Cancelled Status"
"Cannot update item quantity.","Kan product hoeveelheid niet bijwerken."
"Capture (Don't Close)","Capture (Don't Close)"
"Capture Amount","Capture Amount"
"Capture ID","Capture ID"
"Capture amount","Capture bedrag"
"Capture information","Boekingsinformatie"
"Capture status","Capture status"
"Capture: Don't Close","Capture: Don't Close"
"Captured Amount","Opgenomen bedrag"
"Captured Status","Captured Status"
"Captures","Captures"
"Captures & Refunds","Captures & Refunds"
"Capturing","Capturing"
"Card Expiration","Kaart vervaldatum"
"Card Expiry Date","Card Vervaldatum"
"Card Holder Name","Kaarthouder"
"Card IP address country does not match with the billing country.","Kaart IP-adres land niet overeenkomen met het land facturering."
"Card Number","Kaartnummer"
"Card issue country was on the black list and hence the transaction is marked as uncertain.","Card issue land was op de zwarte lijst en daarmee de transactie is gemarkeerd als onzeker."
"Card issue country was on the white list and hence the transaction is marked as uncertain.","Card issue land was op de witte lijst en daarmee de transactie is gemarkeerd als onzeker."
"Card issuer country does not match with the IP address country.","Kaartuitgever land komt niet overeen met het IP-adres land."
"Card issuer country does not match with the billing country.","Kaartuitgever land niet overeenkomen met het land facturering."
"Carrier Title","Carrier Title"
"Carte Bleue","Carte Bleue"
"Check out faster","Check out faster"
"Check to activate the external checkout.","Check to activate the external checkout."
"Checkout","Checkout"
"Checkout as Guest","Checkout as Guest"
"Checkout as a Guest or Register","Checkout as a Guest or Register"
"Checkout as a new customer","Checkout as a new customer"
"Checkout using your account","Checkout using your account"
"Checkout with MasterPass.","Checkout with MasterPass."
"Choose settlement after order in case you want an invoice to be created with your oder. The state of the invoice will set according to your capture status","Selecteer 'Creatie na de bestelling' als u wilt dat een factuur wordt gecreëerd. De status van de bestelling is gebaseerd op de boeken van de status."
"Company Commercial Number","Company Commerciële Nummer"
"Confirm Password","Confirm Password"
"Continue","Voortzetten"
"Copy the SHA-IN signature in the module and in the back-end of Ogone under the menu Technical Information > Origin Verification.","Kopieer de SHA-IN handtekening in de module en in de back-end van Ogone onder hTechnical Information > Origin Verification."
"Copy the SHA-OUT signature in the module and in the back-end of Ogone under and Technical Information > Transaction Feedback.","Kopieer de SHA-OUT handtekening in de module en in de back-end van Ogone onder Technical Information > Transaction Feedback."
"Could not convert object of type '!type' to string.","Kan niet converteren object van het type '!type' naar een string."
"Could not find a brand for the given card number.","Kan een merk voor de opgegeven kaartnummer niet vinden."
"Could not find pressed button.","Kon ingedrukte knop niet vinden."
"Could not find template file at default location '!location'.","Kan template bestand niet vinden op standaard locatie '!location'."
"Could not find the payment method !paymentMethodName.","Kan de betaalmethode !paymentMethodName niet vinden."
"Could not load layout from URL !url. Reason: !reason","Kon layout niet laden van URL !url. Reden: !reason"
"Country Check","Land verificatie"
"Create Account","Create Account"
"Create New Order - Payment","Create New Order - Payment"
"Create a recurring payment, with an existing alias is not supported","Create a recurring payment, with an existing alias is not supported"
"Create the SHA signatures (SHA-IN and SHA-OUT) with the !linkStart SHA signatures generator !linkEnd.","Maak de SHA handtekening (SHA-IN en SHA-OUT) met het !linkStart SHA handtekeningen generator !linkEnd."
"Creating an account has many benefits:","Creating an account has many benefits:"
"Creation Date","Creation Date"
"Credit Card Brands","Credit Card Brands"
"Credit Memo History","Credit Memo History"
"Credit Memo Totals","Credit Memo Totals"
"Credit memo's total must be positive.","Did you mean: Credit memos total must be positive.Totale creditnota's moet positief zijn."
"Currency","Valuta"
"Current Configuration Scope:","Huidige omvang van de configuratie:"
"Customer Account","Customer Account"
"Customer Alias Management","Customer Alias Management"
"Customer failed to pay","Customer failed to pay"
"Customer successfully returned from OgoneCw","De cliënt heeft met succes teruggekeerd van OgoneCw."
"Customer successfully returned from Ogone","Klant met succes terug uit Ogone"
"Customer sucessfully returned from the OgoneCw payment page.","Customer sucessfully returned from the OgoneCw payment page."
"Customers","Customers"
"Customweb","Customweb"
"Date","Datum"
"Date of Birth","Geboortedatum"
"Day","Dag"
"Deactivate","Deactivate"
"Dear customer we have received your billing and shipping information. In order to finish your order please create an account below or checkout as guest.","Dear customer we have received your billing and shipping information. In order to finish your order please create an account below or checkout as guest."
"Dear customer, it appears to us that your payment was successful, but we are still waiting for confirmation. You can wait on this page and we will redirect you after we received the confirmation. Or you can close this window and we will send out an order confirmation email.","Dear customer, it appears to us that your payment was successful, but we are still waiting for confirmation. You can wait on this page and we will redirect you after we received the confirmation. Or you can close this window and we will send out an order confirmation email."
"Default Config","Standaardconfiguratie"
"Default Values","Default Values"
"Deferred","Uitgestelde"
"Deferred (authorization)","Deferred (authorization)"
"Deferred capturing","De vertraagde boeking"
"Deferred settlement","Vertraagde creatie"
"Define a maximal order total for this checkout to be available.","Define a maximal order total for this checkout to be available."
"Define a minimal order total for this checkout to be available.","Define a minimal order total for this checkout to be available."
"Define here the title which is shown on the payment page. If no title is defined here the default one is used.","Define here the title which is shown on the payment page. If no title is defined here the default one is used."
"Delayed","Vertraagd"
"Delete","Verwijder"
"Delivery address","Afleveradres"
"Denmark (DK)","Denmark (DK)"
"Description","Beschrijving"
"Diners Club","Diners Club"
"Direct Debits","Direct Debits"
"Direct E-Banking","Direct E-Banking"
"Direct Link","Direct Link"
"Direct capture after order","Directe boeking"
"Directly after order","Direct na bestelling"
"Directly after order (sale)","Directly after order (sale)"
"Disabled","Invalide"
"Discount","Discount"
"Discount Amount","Bedrag van de korting"
"Discover Card","Discover Card"
"Do never mark the transaction as uncertain, except those from countries listed below.","Mis nooit de transactie markeren als onzeker, behalve die van hieronder vermelde landen."
"Don't change order status","Heeft orderstatus niet wijzigen"
"Don't change the layout of the payment page","Geen verandering van de lay-out van de betaalpagina"
"Don't use template (standard Ogone)","Geen template gebruiken (standaard Ogone)"
"During authorization","Tijdens de autorisatie"
"Dynamic Template","Dynamische Template"
"Edit","Bewerken"
"Edit Invoice #%s","Edit Invoice #%s"
"Edit Invoice %s","Edit Invoice %s"
"Email Address","Email Address"
"Empty version number field name","Empty version number field name"
"Enable or disable logging.","Enable or disable logging."
"Enable the desired payment methods.","Activeer de gewenste betaalmethodes."
"Enable the payment method","Betaalmethode inschakelen"
"Enabled","Ingeschakeld"
"Enter the PSPID for the test and live (if available) mode.","Voer de PSP ID voor de test en wonen (indien beschikbaar) modus."
"Enter the PSPID of Ogone.","Vul hier je PSPID van Ogone ingeven."
"Enter the URLs in the PSP Technical Information > Transaction Feedback. Make sure that the feedback is set to &quot;Online but switch to a deferred request when the online requests fail&quot;.","Voer de URL's in de PSP Technical Information > Transaction Feedback. Zorg ervoor dat de feedback is ingesteld op&quot;Online maar overschakelen naar een uitgestelde aanvraag bij het ​​online aanvragen fail&quot;."
"Enter the date on which your card expires.","Voer de vervaldatum van de kaart"
"Enter the live SHA-IN passphrase. This value must be identical to the one in the back-end of Ogone.","Voer de live SHA-IN passphrase in te voeren. Deze waarde moet gelijk zijn aan die in de back-end van Ogone."
"Enter the live SHA-OUT passphrase. This value must be identical to the one in the back-end of Ogone.","Voer de live SHA-OUT passphrase in te voeren. Deze waarde moet gelijk zijn aan die in de back-end van Ogone."
"Enter the test PSPID of Ogone.","Vul hier je test PSPID van Ogone ingeven."
"Enter the test SHA-IN passphrase. This value must be identical to the one in the back-end of Ogone.","Voer de test SHA-IN passphrase in te voeren. Deze waarde moet gelijk zijn aan die in de back-end van Ogone."
"Enter the test SHA-OUT passphrase. This value must be identical to the one in the back-end of Ogone.","Voer de test SHA-OUT passphrase in te voeren. Deze waarde moet gelijk zijn aan die in de back-end van Ogone."
"Equens (Direct Debits NL)","Equens (Direct Debits NL)"
"Error with the length of the validation date.","Error with the length of the validation date."
"Excl. Tax","Excl. belasting"
"Expiry date contains non-numeric data.","Vervaldatum bevat niet-numerieke gegevens."
"Expiry date is in wrong format.","Vervaldatum is in de verkeerde indeling."
"Expiry date must be in the future.","Vervaldatum moet in de toekomst."
"External Checkout","External Checkout"
"External Checkout: Guest Checkout","External Checkout: Guest Checkout"
"Failed","Mislukt"
"Failed payment authorization.","Mislukte betaling toestemming."
"Failure during cancellation of the transaction. (Cancellation reason: Customer did not pay","Falen tijdens de annulering van de transactie. Annulering reden: de klant heeft niet betaald"
"Failure during capturing of the transaction. Check the ____paymentServiceProvider____ backend for the current state of the transaction.","Failure during capturing of the transaction. Check the ____paymentServiceProvider____ backend for the current state of the transaction."
"Female","Vrouw"
"Figure !number:","Figure !number:"
"Finland (FI)","Finland (FI)"
"Font Family","Font Family"
"For a maintenance request a payment id must be set on the transaction.","Voor een verzoek om onderhoud een betaling id moet worden ingesteld op de transactie."
"Forgot Your Password?","Forgot Your Password?"
"Forgot your password?","Forgot your password?"
"France (FR)","Frankrijk (FR)"
"Gender","Geslacht"
"Germany","Duitsland"
"Germany (DE)","Germany (DE)"
"Germany (no code)","Duitsland (geen code)"
"Get Update","Get Update"
"Great Britain (GB)","Groot-Brittannië (GB)"
"Green","Green"
"HTTP Status Changes URL","URL voor HTTP Status Wijzigingen"
"HTTP Status for Refused Payments","Status voor geweigerde betalingen ((volgens een HTTP verzoek om statusverandering)"
"HTTP Status for Successful Payments","Status voor succesvolle betalingen (volgens een HTTP verzoek om statusverandering)"
"Hash calculation method","Hash berekening"
"Here you can define a Shop ID. This is only necessary if you wish to operate several shops with one PSPID. In order to use this module, an additional module is required.","Hier kunt u een Winkel ID definiëren. Dit is alleen nodig als je wilt om verschillende winkels te werken met een PSPID. Om deze module is een extra module vereist."
"Here you can insert an order prefix. The prefix allows you to change the order number that is transmitted to Authorize.net. The prefix must contain the tag {id}. It will then be replaced by the order number (e.g. name_{id}).","Here you can insert an order prefix. The prefix allows you to change the order number that is transmitted to Authorize.net. The prefix must contain the tag {id}. It will then be replaced by the order number (e.g. name_{id})."
"Here you can insert an order prefix. The prefix allows you to change the order number that is transmitted to Ogone. The prefix must contain the tag {id}. It will then be replaced by the order number (e.g. name_{id}).","Hier kunt u een bestel prefix voor de order definiëren. Het voorvoegsel kunt u het ordernummer dat wordt doorgegeven aan Ogone veranderen. Het voorvoegsel moet de tag {id} bevatten. Het zal dan worden vervangen door het ordernummer (bijv. name_{id})."
"Hide","Hide"
"Horizontally grouped logos with no group names","Horizontaal gegroepeerd logo's zonder groepsnamen"
"Horizontally grouped logos with the name on the left side","Horizontaal gegroepeerd logo met de naam aan de linkerkant"
"IBAN","IBAN"
"IBAN number","IBAN-nummer"
"IP country and billing country code must match.","IP land en facturering landcode moeten overeenkomen."
"IP country code and issuer country code must match.","IP landcode en emittent landcode moeten overeenkomen."
"If a product is in stock only once and the payment of the customer ordering this product fails or is aborted, it won't be available until the order is canceled (see timeout option below). Enable this setting to cancel the customer's pending orders when he returns to the cart page and a product is not available anymore.","Als er slechts een product op voorraad is en de betaling van de klant (de exacte koopt dit product) faalt, zolang het product wordt gereserveerd tot de bestelling wordt geannuleerd (zie Time-out optie). Schakel deze optie in als u NIET wilt dat het product zal worden gereserveerd. Bestellingen met een mislukte of afgebroken status van de betaling wordt meteen geannuleerd."
"If a product is in stock only once and the payment of the customer ordering this product fails or is aborted, it won't be available until the order is canceled (see timeout option below). Enable this setting to cancel the customer's pending orders when he returns to the cart page and a product is not available anymore. Be careful though: If you enable this option, there is a chance that payments are made with the corresponding order being already canceled.","If a product is in stock only once and the payment of the customer ordering this product fails or is aborted, it won't be available until the order is canceled (see timeout option below). Enable this setting to cancel the customer's pending orders when he returns to the cart page and a product is not available anymore. Be careful though: If you enable this option, there is a chance that payments are made with the corresponding order being already canceled."
"If it is not applicable leave the field empty.","Als het niet van toepassing laat het veld leeg."
"If the Alias Manager is used, the intended purpose is shown to the customer on the payment page. Through this the customer knows why his data is saved.","Als de Alias ​​Manager wordt gebruikt, wordt de doel weergegeven aan de klant op de betaalpagina. Zo weet de klant waarom de gegevens zijn opgeslagen."
"If the status is 'Pending' it is unclear whether the transaction will be cancelled successfully.","Als de status 'Pending' het is onduidelijk of de transactie met succes zal worden geannuleerd."
"If the status is 'Pending' it is unclear whether the transaction will be captured successfully.","Als de status 'Pending' het is onduidelijk of de transactie met succes zal worden vastgelegd."
"If the status is 'Pending' it is unclear whether the transaction will be refunded successfully.","Als de status 'Pending' het is onduidelijk of de transactie met succes zal worden terugbetaald."
"If the test mode is selected the test PSPID is used and the test SHA passphrases.","In de testmodus de test PSPID en de test SHA test passphrase worden automatisch gebruikt"
"If the test mode is selected the test account is used. Otherwise the configured account is used.","If the test mode is selected the test account is used. Otherwise the configured account is used."
"If you have any issues with the module please feel free to contact us. See our <a href='https://www.sellxed.com/en/support' target='_blank'>support page</a> for more information.","If you have any issues with the module please feel free to contact us. See our <a href='https://www.sellxed.com/en/support' target='_blank'>support page</a> for more information."
"If you select this checkbox, the payment will be captured at the PSP and you can not add additional captures.","If you select this checkbox, the payment will be captured at the PSP and you can not add additional captures."
"If you would like to use recurring payments, you need our magento module ""Customweb Subscription"". For further information go to <a href=""http://www.sellxed.com/shop/"" target=""_blank"">sellxed.com</a>.","If you would like to use recurring payments, you need our magento module ""Customweb Subscription"". For further information go to <a href=""http://www.sellxed.com/shop/"" target=""_blank"">sellxed.com</a>."
"Image Brand Selection","Image Brand Selection"
"In case hidden authorization is used, the brand of the credit card is detected by the card number and the card number is validated accordingly. This setting enables the restriction of the allowed brands.","Bij verborgen bevoegdheid gebruik wordt gemaakt, is het merk van de creditcard gedetecteerd door het kaartnummer en het kaartnummer wordt dienovereenkomstig gevalideerd. Met deze instelling kan de beperking van de toegestane merken."
"In case the payment page is used with this payment method the different credit card brands are listed on the payment page of Ogone. This setting controlls the display of them.","In het geval dat de betaalpagina wordt gebruikt met deze betaalmethode de verschillende credit card merken staan ​​vermeld op de betaalpagina van Ogone. Deze instelling controlls de weergave van hen."
"In some cases it may take a few seconds until the transaction is successfully authorized. When this option is enabled, the notification is awaited.","In some cases it may take a few seconds until the transaction is successfully authorized. When this option is enabled, the notification is awaited."
"In some cases the transaction requires a few seconds until it is successfully authorized. When this option is enabled the user is hold until the transaction reach the final state. If this is not the case in 30 seconds a message is shown to the customer, which explains the situation.","In some cases the transaction requires a few seconds until it is successfully authorized. When this option is enabled the user is hold until the transaction reach the final state. If this is not the case in 30 seconds a message is shown to the customer, which explains the situation."
"Inactive","Inactief"
"Incl. Tax","Incl. belasting"
"Information","Information"
"Ingenico (Direct Debits AT)","Ingenico (Direct Debits AT)"
"Intended purpose of alias","Doel van de alias"
"Invalid CVC format.","Ongeldige CVC-formaat."
"Invalid expiry month.","Invalid expiry month."
"Invalid login or password.","Invalid login or password."
"Invoice Items","Factuur items"
"Invoice Settlement","Invoice Settlement"
"Invoice Totals","Factuurtotalen"
"Invoice settlement","Creatie van de rekening"
"Invoice was created successfully","Het rekening is gemaakt met goed gevolg"
"Invoices","Facturen"
"Issue Number","Albumreeks"
"Issuer country code and billing country code.","Emittent landcode en facturering landcode."
"It is not possible to checkout in your country.","It is not possible to checkout in your country."
"Italy (IT)","Italië (IT)"
"Item","Item"
"Items","Items"
"Items Refunded","Items Refunded"
"JCB","JCB"
"Klarna","Klarna"
"Learn More","Learn More"
"Live HMAC Key","Live HMAC Key"
"Live Identifier (PBX_IDENTIFIANT)","Live Identifier (PBX_IDENTIFIANT)"
"Live Mode","Live Mode"
"Live PSPID","Live PSPID"
"Live Password","Live Password"
"Live Rang (PBX_RANG)","Live Rang (PBX_RANG)"
"Live Site ID (PBX_SITE)","Live Site ID (PBX_SITE)"
"Logging","Logging"
"Login","Login"
"Login & Register","Login & Register"
"Login and password are required.","Login and password are required."
"Logo","Logo"
"Maestro","Maestro"
"Maestro UK","Maestro UK"
"Mail Order / Telephone Order (MoTo)","Mail Order / Telephone Order (MoTo)"
"Mail order/telephone order authorization","Postorder / telefonische bestellingen machtiging"
"Make sure that the request method is set to POST.","Zorg ervoor dat het verzoek methode is ingesteld om POST."
"Male","Mannelijk"
"Manage Stores","Beheer winkels"
"Manage Ogone Aliases","Manage Ogone Aliases"
"Mark all transactions as uncertain, except those from countries listed below.","Markeer alle transacties als onzeker, behalve die van hieronder vermelde landen."
"MasterCard","MasterCard"
"MasterPass","MasterPass"
"MasterPass: Order Confirmation","MasterPass: Order Confirmation"
"Maximum Order Total","Maximum Bestel Total"
"Merchant Origin","Merchant oorsprong"
"Merchant Reference","Merchant referentie"
"Message","Bericht"
"Method Title","Method Title"
"Minimum Order Total","Minimum Bestel Total"
"Mobile Template","Mobile Template"
"Mobile Template URL","Mobile Template URL"
"Month","Maand"
"More failed transaction as the configured threshold of failed transactions.","Meer mislukte transactie als de geconfigureerde drempel van mislukte transacties."
"My Ogone Aliases","My Ogone Aliases"
"Netherlands (NL)","Nederland (NL)"
"New Order","New Order"
"New Order Status","Niewe bestelstatus"
"New card","New card"
"Next Update Execution Date","Next Update Execution Date"
"No","Geen"
"No API password was provided.","Geen API wachtwoord werd opgegeven."
"No API username was provided.","Geen API gebruikersnaam werd opgegeven."
"No IBAN provided.","Geen IBAN verstrekt."
"No Items","No Items"
"No PSPID was provided.","No PSPID was provided."
"No additional payment information available.","Geen extra betaling informatie beschikbaar"
"No authorization method found for payment method !method.","Geen vergunning methode gevonden voor de betalingswijze"
"No button returned.","Geen knop terug."
"No day set in the date of birth field.","Geen dag in de geboortedatum veld."
"No month set in the date of birth field.","Geen maand in te stellen in de geboortedatum veld."
"No refund possible.","Geen terugbetaling mogelijk"
"No shipping method needed.","No shipping method needed."
"No year set in the date of birth field.","Geen jaar in de geboortedatum veld."
"No, use the dropdown.","No, use the dropdown."
"Non 3D Secure Behavior","Niet 3D Secure Gedrag"
"Non 3D Secure Behavior Country List","Niet 3D Secure Gedrag Land Lijst"
"None","None"
"Norway (NO)","Norway (NO)"
"Not Germany","Niet Duitsland"
"Notification URL","URL van de kennisgeving"
"Only an authorized transaction can be marked as finally declined.","Only an authorized transaction can be marked as finally declined."
"Only an uncertain transaction can be marked as finally declined.","Only an uncertain transaction can be marked as finally declined."
"Only authorized transaction can be cancelled.","Alleen geautoriseerde transacties kan worden geannuleerd."
"Only authorized transaction can be captured.","Alleen geautoriseerde transacties kunnen worden geregistreerd"
"Only authorized transaction can be refunded.","Alleen geautoriseerde transacties kunnen worden bijgeschreven."
"Only captured transaction can be refunded.","Alleen opgenomen transacties kunnen worden bijgeschreven."
"Only on captured transaction the flag customer refusing to pay can be set.","Only on captured transaction the flag customer refusing to pay can be set."
"Operation Mode","Bedrijfsmodus"
"Operation failed because of error code '@code'.","Operation failed because of error code '@code'."
"Operation is not allowed.","Bediening is niet toegestaan​​."
"Operation is not supported.","Bediening wordt niet ondersteund."
"Operation is not supported. For this transaction id, an alias already exists.","De werking wordt niet ondersteund. Voor deze transactie-ID, een alias bestaat reeds."
"Orange","Orange"
"Order #","Order #"
"Order Description","Bestel Beschrijving"
"Order Grand Total","Bestel Grand Total"
"Order Information","Order Information"
"Order Prefix","Order Prefix"
"Order Review","Order Review"
"Order Summary","Order Summary"
"Order Total","Order Total"
"Order cancelled, because the customer was too long in the payment process of Ogone.","De bestelling is geannuleerd omdat de klant was te lang gevestigd in het betalingsproces van Ogone."
"Order is stored, but not finally authorized or captured.","Order wordt opgeslagen, maar niet definitief geautoriseerd of opgenomen."
"Order prefix","Bestel prefix"
"Order was placed using %s","Order was placed using %s"
"Orders","Orders"
"Orders with with payments that are longer pending than the specified timeout in minutes are cancelled automatically.","Bestellingen waarvan de betaling is in behandeling langer dan de gedefinieerde time-out in minuten automatisch geannuleerd. Om deze functie moet je setup Magento cron gebruiken."
"PSPID Config","PSPID Config"
"Paid Amount","Betaalde bedrag"
"Partial refund not possible. You may retry with the total transaction amount.","Gedeeltelijke terugbetaling is niet mogelijk. Het bedrag hoger is dan het totale bedrag."
"Password","Password"
"Password and password confirmation are not equal.","Password and password confirmation are not equal."
"Password for the API user.","Wachtwoord voor de API gebruiker."
"Pay with ____paymentMethodName____","Pay with ____paymentMethodName____"
"Payment","Payment"
"Payment ID","Betaling ID"
"Payment Id","Betaling ID"
"Payment Information","Informatie over betaling"
"Payment Method","Betalingsmethode"
"Payment Method Listing","Lijst van betalingsmethoden"
"Payment Page Title","Payment Page Title"
"Payment captured successfully.","Betaling succes gevangen"
"Payment could not be authorized. Cancelling order. Reason :","De betaling is niet geatoriseerde. De bestelling wordt geannuleerd. Reden:"
"Payment details can be entered after placing the order","Betaling informatie kan worden ingevoerd na het plaatsen van de bestelling"
"Payment from Applicable Countries","Payment from Applicable Countries"
"Payment from Specific Countries","Payment from Specific Countries"
"Payment from applicable countries","Betaling van de toepasselijke landen"
"Payment from specific countries","Betaling van specifieke landen"
"Payment is pending at OgoneCw","Betaling in behandeling bij OgoneCw"
"Payment method description","Beschrijving van de betaalmethode"
"Payment with %s","Payment with %s"
"Payment with Ogone","Betalen met Ogone"
"Payments may be updated periodically (interval in minutes). To use this feature you have to setup magento cron","Betalingen kunnen automatisch worden bijgewerkt (in minuten) via API (indien ingeschakeld). Om de functie te gebruiken, moet de Magento Cron worden ingeschakeld."
"Pending","Pending"
"Pending OgoneCw","Pending OgoneCw"
"Phone Number","Phone Number"
"Place Order","Place Order"
"Please agree to all the terms and conditions before placing the order.","Please agree to all the terms and conditions before placing the order."
"Please check the entered CVC number.","Controleer de ingevoerde CVC nummer."
"Please check the entered credit card number.","Controleer de ingevoerde creditcardnummer."
"Please enter here a salutation.","Vul hier een aanhef."
"Please enter here the Bank Identifier Code (BIC).","Vul hier de Bank Identifier Code (BIC)."
"Please enter here the CVC code from your card. You find the code on the back of the card.","Voer hier het CVC uw kaart in te voeren. U kunt dit vinden op de achterkant van uw creditcard."
"Please enter here the International Bank Account Number (IBAN).","Voer hier het International Bank Account Number (IBAN)."
"Please enter here the account holder name on the card.","Vul hier de naam rekeninghouder op de kaart."
"Please enter here the account holder name.","Vul hier de naam van de rekeninghouder."
"Please enter here the account number of your bank account.","Vul het rekeningnummer van uw bankrekening in te voeren"
"Please enter here the bank code of your bank.","Vul hier de bankcode van uw bank in te voeren"
"Please enter here the card holder name on the card.","Geef de kaarthouder een"
"Please enter here the commercial number of your company.","Vul hier het commerciële nummer van uw bedrijf."
"Please enter here the name of the account owner.","Vul de naam van de rekeninghouder in te voeren"
"Please enter here the number on your card.","Vul het kaartnummer van uw creditcard in te voeren"
"Please enter here the sales tax number of your company.","Vul hier de omzetbelasting nummer van uw bedrijf."
"Please enter here your phone number.","Please enter here your phone number."
"Please enter here your social security number.","Vul hier uw sofi-nummer."
"Please enter the location of your bank.","Vul de locatie van uw bank."
"Please enter the name of your bank.","Vul de naam van uw bank."
"Please enter your IBAN number.","Gelieve uw IBAN-nummer."
"Please enter your issue number, if there is no CVC code on your card.","Vul uw probleem nummer als er geen CVC code op uw kaart."
"Please enter your salutation.","Please enter your salutation."
"Please enter your salution.","Vul uw begroeting."
"Please flash or disable the cache storage and retry. If this did not help, change the authorization method to PaymentPage and <a href=""%s"" target=""_blank"">contact sellxed</a>.","Please flash or disable the cache storage and retry. If this did not help, change the authorization method to PaymentPage and <a href=""%s"" target=""_blank"">contact sellxed</a>."
"Please flash or disable the cache storage and retry. If this did not help, change the authorization method to PaymentPage and <a href=""%s"" target=""_blank"">contact sellxed</a>.', 'http://www.sellxed.com/en/support","Gelieve knipperen of de opslag cache uit te schakelen en probeer het opnieuw. Als dit niet helpt, moet u de machtiging methode om Payment Page en contact <a href=""%s"" target=""_blank"">sellXed</a>.', 'http://www.sellxed.com/en/support"
"Please flush or disable the cache storage and retry. If this did not help, change the authorization method to PaymentPage and <a href=""%s"" target=""_blank"">contact sellxed</a>.","Please flush or disable the cache storage and retry. If this did not help, change the authorization method to PaymentPage and <a href=""%s"" target=""_blank"">contact sellxed</a>."
"Please log in below:","Please log in below:"
"Please select","Selecteer aub"
"Please select a shipping method before sending the order.","Please select a shipping method before sending the order."
"Please select the Bank Identifier Code (BIC) of your bank.","Selecteer de Bank Identifier Code (BIC) van uw bank."
"Please select the day of your birth.","Kies de dag van je geboorte."
"Please select the expiry month on your card.","Selecteer de mot van vervaldatum op uw kaart."
"Please select the expiry year on your card.","Vul datum van de kaart de vervaldatum in te voeren"
"Please select the month of your birth.","Kies de maand van je geboorte."
"Please select the the year of your birth.","Selecteer het het jaar van uw geboorte."
"Please select your gender.","Selecteer uw geslacht."
"PostFinance FIS","PostFinance FIS"
"Price","Prijs"
"Processor","Processor"
"Processor Country","Processor Country"
"Product","Product"
"Product Name","Product Name"
"Purchase Point","Purchase Point"
"Qty","Hoeveelheid"
"RatePAY","RatePAY"
"RatePay","RatePay"
"Received status update. The transaction was declined","Received status update. The transaction was declined"
"Received status update. The transaction was successful","Received status update. The transaction was successful"
"Received update notification with unexcpected state: !status","Received update notification with unexcpected state: !status"
"Received update notification with unexcpected status: !status","Ontvangen Melding update met unexcpected status:  !status"
"Recurring Payments","Recurring Payments"
"Red","Red"
"Redirection Parameters generated.","Gegenereerd Redirection Parameters"
"Refund Amount","Terug te betalen bedrag"
"Refund ID","Refund ID"
"Refund amount","Terug te betalen bedrag"
"Refund information","Informatie van de terugbetaling"
"Refund status","Status van de restitutie"
"Refunded Amount","Bedrag gecrediteerd"
"Refunds","Refunds"
"Refused Transaction Threshold","Refused Transaction Threshold"
"Register","Register"
"Register to Create an Account","Register to Create an Account"
"Register with us for future convenience:","Register with us for future convenience:"
"Release Date","Release Date"
"Remove","Remove"
"Reset","Reset"
"Review","Review"
"Risk Category","Risk Category"
"Risk Scoring","Risk Scoring"
"Rounding Adjustment","Rounding Adjustment"
"Row Total","Rijtotaal"
"SAH IN signature is wrong.","SHA IN handtekening is verkeerd."
"SEPA Mandate ID","SEPA Mandate ID"
"SHA-1","SHA-1"
"SHA-256","SHA-256"
"SHA-512","SHA-512"
"SHA-IN Passphrase","SHA-IN Passphrase"
"SHA-OUT Passphrase","SHA-OUT Passphrase"
"SKU:","SKU:"
"Sales","Sales"
"Sales Tax Number","Sales Tax nummer"
"Salutation","Aanhef"
"Save","Bewaren"
"Saved cards:","Opgeslagen kaarten:"
"See order and shipping status","See order and shipping status"
"Select Brand","Kies een Merk"
"Select Method","Select Method"
"Select the authorization method to use for processing this payment method.","Selecteer de Autorisatie Methode voor deze betaalmethode."
"Select the country code defined in the backend of Ogone for this payment method.","Selecteer de in de backend van Ogone voor deze betaalmethode landcode."
"Select the country to process your bank transfers.","Select the country to process your bank transfers."
"Select the date of your birth.","Kies de datum van uw geboorte."
"Select the date on which your card expires.","Selecteer de datum waarop uw kaart verloopt."
"Select the hash calculation method to use. This value must correspond with the selected value in the back-end of Ogone.","Selecteer de methode voor het berekenen van de hash. Deze waarde moet overeenkomen met het einde van de Ogone."
"Select the processor for direct debit transactions.","Selecteer de processor voor automatische incasso's."
"Select the processor for installments.","Select the processor for installments."
"Select the processor for open invoice.","Selecteer de processor voor openstaande factuur."
"Select your gender","Selecteer uw geslacht"
"Send Invoice Email","Send Invoice Email"
"Send amounts to Ogone in base currency.","Send amounts to Ogone in base currency."
"Send amounts to Ogone in store's base currency.","Send amounts to Ogone in store's base currency."
"Send invoice email","Send invoice email"
"Send the invoice email automatically after invoice creation.","Send the invoice email automatically after invoice creation."
"Set direct capture after order. In this case your authoization will directly be captured on your customer's credit card","Voor 'Directe Boeking' het bedrag wordt direct in mindering gebracht na betaling voltooid. Voor 'Vertraagde boeking' het bedrag wordt gedebiteerd pas na een bepaalde periode van je."
"Set the sort order to show the external checkouts.","Set the sort order to show the external checkouts."
"Settlement after order","Creatie na de bestelling"
"Setup","Setup"
"Shipping & Handling","Shipping & Handling"
"Shipping Address","Shipping Address"
"Shipping Amount","Verzending bedrag"
"Shipping Information","Verzend Informatie"
"Shipping Method","Shipping Method"
"Shipping Methods","Shipping Methods"
"Shipping Refund","Verzending terugbetaling"
"Shop","Shop"
"Shop ID","Winkel ID"
"Short Installation Instructions:","Korte installatie-instructies:"
"Should the amount be captured automatically after the order (direct) or should the amount only be reserved (deferred)?","Mocht het bedrag automatisch worden vastgelegd na de bestelling (direct) of moet de vergoeding alleen worden gereserveerd (uitgestelde)?"
"Show","Show"
"Show Account Selection","Show Account Selection"
"Show Further Settings and Information","Toon meer instellingen en informatie"
"Show Image","Show Image"
"Show Payment Id","Show Payment Id"
"Show the payment id","Show the payment id"
"Show the payment id in the order information","Show the payment id in the order information"
"Show the payment image","Show the payment image"
"Show the payment image on the checkout page","Show the payment image on the checkout page"
"Sign In","Sign In"
"Slovakia","Slovakia"
"Social Security Number","Social Security Number"
"Solo Card","Solo Card"
"Some cards are not enrolled for the 3D secure process and you may exclude some cards from performing a 3D secure authorization. This setting controls, what should happend with these transactions. This setting requires that the parameter 'CCCTY' is returned.","Sommige kaarten zijn niet ingeschreven voor de 3D-beveiligde proces en kunt u een aantal kaarten uit te sluiten van het uitvoeren van een 3D beveiligde autorisatie. Deze instelling regelt wat er moet gebeuren met deze transacties. Deze instelling vereist dat de parameter 'CCCTY' teruggezonden."
"Some credentials for the API access are invalid. Error Code: !code","Some credentials for the API access are invalid. Error Code: !code"
"Some credentials for the API access are invalid. Error Code: @code","Some credentials for the API access are invalid. Error Code: @code"
"Some input was invalid.","Ongeldige invoer"
"Sort Order","Schik de orde"
"Static Tempalte Css","Static Tempalte Css"
"Static Template Css","Static Template Css"
"Status","Status"
"Status after HTTP Update Payment Received Status","Status na HTTP bijwerken Betaling ontvangen"
"Store the payment details","Store the payment details"
"Stored payment details","Stored payment details"
"Submit Order","Submit Order"
"Submitting order information...","Submitting order information..."
"Subtotal","Subtotaal"
"Success","Succes"
"Successful","Met goed gevolg"
"Successful online refund of amount","Succesvolle online teruggaaf van bedragen"
"Successful payment authorization.","Succesvolle machtiging."
"Successfull online refund of amount","Het bedrag werd met succes terugbetaald."
"Support","Support"
"Sweden (SE)","Sweden (SE)"
"Switzerland (CH)","Zwitserland (CH)"
"Table Background Color","Table Background Color"
"Table Text Color","Table Text Color"
"Tax Amount","Belastingbedrag"
"Technical issue: This payment methods is not available at the moment.","Technisch probleem: Deze betaalmethode is momenteel niet beschikbaar."
"Telego (Direct Debits DE)","Telego (Direct Debits DE)"
"Template URL","Template URL"
"Template URL for own template","URL voor eigen template"
"Template Url","Template Url"
"Test Account SHA-IN Passphrase","Test Account SHA-IN Passphrase"
"Test Account SHA-OUT Passphrase","Test Account SHA-OUT Passphrase"
"Test Mode","Test Mode"
"Test PSPID","Test PSPID"
"Test Transaction","Test Transaction"
"Text Color","Text Color"
"The 'account number' field cannot be empty.","Het 'rekeningnummer' veld kan niet leeg zijn."
"The 'account owner' field cannot be empty.","De 'eigenaar van de account' veld kan niet leeg zijn."
"The 'account_number' field cannot be longer than 10 digits.","De 'account_number' veld mag niet langer zijn dan 10 cijfers."
"The 'account_number' field must be 11 digits long.","De 'account_number' veld moet 11 cijfers lang zijn."
"The 'bank code' field cannot be empty and it must be 5 digits long.","Het veld 'bankcode' kan niet leeg zijn en het moet 5 cijfers lang."
"The 'bank code' field cannot be empty and it must be 8 digits long.","Het veld 'bankcode' kan niet leeg zijn en het moet 8 cijfers lang."
"The CVC code is too long.","De CVC-code is te lang."
"The CVC contains invalid chars.","De CVC bevat ongeldige tekens."
"The Font Family that will be used","The Font Family that will be used"
"The HMAC key as defined in the live backoffice of Ogone. You may need generate the HMAC key. Please take a look at the manual how to do this.","The HMAC key as defined in the live backoffice of Ogone. You may need generate the HMAC key. Please take a look at the manual how to do this."
"The PSPID as given by the Ogone.","PSPID van Ogone."
"The SEPA mandate schema does not contain the tag '!tag'. This tag is required.","De SEPA-machtiging schema niet de tag 'tag!' Bevatten. Deze tag is nodig."
"The SHA signature of the 3D Secure callback was not valid.","De SHA ondertekening van het 3D Secure callback was niet geldig."
"The SHA signatures do not match.","De SHA handtekeningen komen niet overeen."
"The URL indicated here is rendered as Template. For this you must select option 'Use own template'. The URL must point to an HTML page that contains the string '$$$PAYMENT ZONE$$$'. This part of the HTML file is replaced with the form for the credit card input.","De hier beschikbare URL wordt doorgegeven als template. Hiervoor moet je selecteren optie 'Eigen template gebruiken'. De URL moet verwijzen naar een HTML-pagina die de string '$$$PAYMENT ZONE$$$' bevat. Dit deel van de HTML file vervangen door de vorm van de credit card input."
"The URL indicated here is used to rendered the template for mobile devices. This field is only considered when the option mobile template is set to 'Use own template'.","The URL indicated here is used to rendered the template for mobile devices. This field is only considered when the option mobile template is set to 'Use own template'."
"The acquiring system is not available. Hence the authorization is not completed.","Het acquiring systeem is niet beschikbaar, de machtiging kan niet worden voltooid."
"The alias could not be found.","The alias could not be found."
"The alias has been deleted.","De alias is verwijderd."
"The alias manager allows the customer to select from a credit card previously stored. The credit card data is stored by Ogone.","De alias manager kan de klant om te betalen met een vooraf opgeslagen creditcard. De creditcard gegevens worden opgeslagen door Ogone."
"The alias transaction could not be conductet with error code: !code, and reason: !reason:","The alias transaction could not be conductet with error code: !code, and reason: !reason:"
"The amount could not be verified.","The amount could not be verified."
"The amount of !amount is authorized.","Het bedrag van !amount is toegestaan."
"The amount of !amount is captured.","De hoeveelheid !amount wordt opgevangen."
"The authorization could not be completed, due to a delayed external validation of the payment.","De vergunning kan niet worden voltooid vanwege een vertraging met de externe validatie van de betaling."
"The authorization declined by the aquirer.","De autorisatie werd geweigerd door de acquirer"
"The authorization is refused.","De autorisatie wordt geweigerd."
"The authorization method '!method' is not supported.","De methode vergunning '!method' wordt niet ondersteund."
"The authorization was not successful","The authorization was not successful"
"The brand of the credit card is detected by the card number if hidden authorization is used. If the payment page is used, the user has to select the brand. The allowed credit card brands can be restricted by this setting.","The brand of the credit card is detected by the card number if hidden authorization is used. If the payment page is used, the user has to select the brand. The allowed credit card brands can be restricted by this setting."
"The brand with external name '!key' was not present in the map.","Het merk met externe naam  '!key' was niet in de kaart."
"The brand with key '!key' was not found in the card information map.","Het merk met de belangrijkste !key'  werd niet gevonden in de kaartinformatie kaart."
"The cancellation could not be conducted. Error code: !error.","The cancellation could not be conducted. Error code: !error."
"The cancellation is processed offline.","De annulering wordt verwerkt offline."
"The capture amount (!captureAmount) cannot be greater than the authorized amount (!authorizedAmount).","De vangst bedrag (!captureAmount) kan niet hoger zijn dan het toegestane bedrag (!authorizedAmount)."
"The capture item with SKU '@sku' has a higher amount (@amountItem) as the original item (@amountOriginal).","The capture item with SKU '@sku' has a higher amount (@amountItem) as the original item (@amountOriginal)."
"The capture item with SKU '@sku' is not present in the original order.","The capture item with SKU '@sku' is not present in the original order."
"The capturing could not be conducted. Error code: !error.","The capturing could not be conducted. Error code: !error."
"The capturing is in progress.","De boeking is aan de gang."
"The capturing is in uncertain.","De boeking is in onzekere."
"The card brand selection is automatically done depending on the entered card number. If no Javascript is active in the browser, a drop down is shown. In case JavaScript a the brand logos can be shown. Should the brand selection using images?","The card brand selection is automatically done depending on the entered card number. If no Javascript is active in the browser, a drop down is shown. In case JavaScript a the brand logos can be shown. Should the brand selection using images?"
"The card number contains invalid chars.","Het kaartnummer bevat ongeldige tekens."
"The card number is too long.","Het kaartnummer is te lang."
"The card number is too short.","Het kaartnummer is te kort."
"The cardholder name is missing.","De kaarthouder naam ontbreekt."
"The cardholder name is too long.","De kaarthouder naam is te lang."
"The checkout process was not successful. Please try again.","The checkout process was not successful. Please try again."
"The colors can be specified by their hexadecimal code (#FFFFFF) or their name (white).","The colors can be specified by their hexadecimal code (#FFFFFF) or their name (white)."
"The configuration has been saved.","De configuratie is opgeslagen."
"The controller class '@controller' does not provide any method with annotation 'Customweb_Payment_Endpoint_Annotation_ExtractionMethod' and valid output.","The controller class '@controller' does not provide any method with annotation 'Customweb_Payment_Endpoint_Annotation_ExtractionMethod' and valid output."
"The countries listed in this field are used to mark transaction as uncertain. The behavior depends on the setting above 'Non 3D Secure Behavior'. The country code is taken from the card. You need to make sure you return the parameter 'CCCTY'. As indicated by Ogone this value is only for 94% of the transaction correct. The list below must be a comma separated list of country codes. The codes must be in ISO 3166-2 format (e.g. DE,IT,FR).","De op dit gebied vermelde landen worden gebruikt om transacties te markeren als onzeker. Het gedrag is afhankelijk van de bovenstaande instelling 'Non 3D Secure Behavior'. De landcode wordt genomen van de kaart. Je moet ervoor zorgen dat u de parameter 'CCCTY' terugkeren. Zoals aangegeven Ogone deze waarde slechts 94% van de transactie correct. Onderstaande lijst moet een door komma's gescheiden lijst met landencodes zijn. De codes moeten in ISO 3166-2 formaat (bijv. DE, IT, FR)."
"The credit card is expired.","De creditcard is verlopen."
"The customer does not finish the payment with in the timeout.","The customer does not finish the payment with in the timeout."
"The data will be processed offline.","The data will be processed offline."
"The date of birth is required.","The date of birth is required."
"The entered salutation is too long. It can not be longer than 5 chars.","The entered salutation is too long. It can not be longer than 5 chars."
"The expiry date is invalid.","De vervaldatum is ongeldig."
"The gender is required.","The gender is required."
"The given CVC code has the wrong length.","De gegeven CVC-code heeft de verkeerde lengte."
"The given card number has an invalid check sum.","Het opgegeven kaartnummer heeft een ongeldige checksum."
"The given card number has an invalid length.","Het opgegeven kaartnummer heeft een ongeldige lengte."
"The given currency (!currency) is not 3 chars long. It must be in the ISO 4217 format.","e opgegeven valuta (!currency) is niet 3 tekens lang zijn. Het moet in de ISO 4217-formaat."
"The given hmac key is empty.","The given hmac key is empty."
"The given identifier is empty.","The given identifier is empty."
"The given password is empty.","The given password is empty."
"The given rang is empty. It must be a nummeric value with length of two.","The given rang is empty. It must be a nummeric value with length of two."
"The given rang is invalid. It must be a nummeric value with length of two.","The given rang is invalid. It must be a nummeric value with length of two."
"The given site number is empty.","The given site number is empty."
"The identifier as defined in the backoffice of Ogone.","The identifier as defined in the backoffice of Ogone."
"The invoice could not be captured and processed by","De rekening kon niet worden geboekt en bewerkt van Ogone."
"The invoice could not be captured and processed. Reason:","De factuur kan niet worden vastgelegd en verwerkt. Reden:"
"The invoice could not be found.","De factuur kan niet worden gevonden."
"The invoice has been changed.","De factuur is gewijzigd."
"The invoice no longer exists.","De factuur bestaat niet meer."
"The layout does not contain the tag '!layout_tag'.","De lay-out is niet de tag '!layout_tag' bevatten."
"The module can perform a check of the country code provided by the issuer of the card, the IP address country and the billing address country. In case they do not match, the transaction is marked as uncertain. This setting does not override any other rule for marking transaction as uncertain.","De module kan een controle van de landcode die door de uitgever van de kaart, het IP-adres van land en het factuuradres land uit te voeren. In het geval dat ze niet overeenkomen, wordt de transactie gemarkeerd als onzeker. Deze instelling heeft geen andere regel voor het markeren transactie onzeker overschrijven."
"The next update execution date indicates when the next cron is run to update the transaction state.","The next update execution date indicates when the next cron is run to update the transaction state."
"The notification failed because the SHA signature seems not to be valid.","De aanmelding is mislukt omdat de SHA handtekening lijkt niet geldig te zijn."
"The order is not fully completed. Please contact the store owner.","The order is not fully completed. Please contact the store owner."
"The parameters ""3DSIGNVAL"" was false.","The parameters ""3DSIGNVAL"" was false."
"The payment could not be authorized, because it is not certain.","De betaling kan niet worden toegestaan​​, omdat het niet zeker is."
"The payment form will be displayed after submitting the order.","The payment form will be displayed after submitting the order."
"The payment has been accepted.","The payment has been accepted."
"The payment has been denied.","The payment has been denied."
"The payment is not finished. Hence it must be manually checked.","De betaling is niet voltooid en moet dus handmatig worden gecontroleerd."
"The payment is refused.","De betaling wordt geweigerd."
"The payment method !paymentMethodName does not support the currency '!currency'.","De betaalmethode !paymentMethodName ondersteunt niet de munt '!currency'."
"The payment method !paymentMethodName is not available in your country ('!country').","De betaalmethode !paymentMethodName is niet beschikbaar in uw land ('!country')."
"The payment update has been made.","The payment update has been made."
"The provided PSPID is empty. Please check the module settings.","The provided PSPID is empty. Please check the module settings."
"The provided signature does not match with the one calculated.","The provided signature does not match with the one calculated."
"The rang (PBX_RANG) as defined in the live backoffice of Ogone. It must be nummeric value with length two. In the backoffice it may be displayed as a three char value. You must truncate the first digit.","The rang (PBX_RANG) as defined in the live backoffice of Ogone. It must be nummeric value with length two. In the backoffice it may be displayed as a three char value. You must truncate the first digit."
"The refund is in progress.","De terugbetaling aan de gang is."
"The refund is in uncertain.","De restitutie is in onzekere."
"The refund item with SKU '@sku' has a higher amount (@amountItem) as the original item (@amountOriginal).","The refund item with SKU '@sku' has a higher amount (@amountItem) as the original item (@amountOriginal)."
"The refund item with SKU '@sku' is not present in the original order.","The refund item with SKU '@sku' is not present in the original order."
"The refunding could not be conducted. Error code: !error.","The refunding could not be conducted. Error code: !error."
"The request does not contain a 'SHASIGN' parameter. The cause is that the callback in the background is not executed.","Het verzoek is niet een parameter 'SHASign' bevatten. De oorzaak is dat de callback op de achtergrond niet is uitgevoerd."
"The result of the authorization is not known.","Het resultaat van de vergunning is niet bekend."
"The salutation can not be longer than 5 chars.","The salutation can not be longer than 5 chars."
"The server response was not valid. Response: @response","De server was niet geldig. Reactie:  @response"
"The shopping cart has been altered!","The shopping cart has been altered!"
"The signature could not be verified.","The signature could not be verified."
"The site id (PBX_RANG) as defined in the backoffice of Ogone.","The site id (PBX_RANG) as defined in the backoffice of Ogone."
"The test PSPID as given by the Ogone.","PSPID test van Ogone."
"The total refund amount (!totalRefundedAmount) cannot be greater than the captured amount (!capturedAmount).","Het totaal terug te betalen bedrag kan niet hoger zijn dan de vastgelegde bedrag"
"The transaction cannot be cancelled online.","The transaction cannot be cancelled online."
"The transaction cannot be captured online.","The transaction cannot be captured online."
"The transaction cannot be refunded online.","The transaction cannot be refunded online."
"The transaction could not be cancelled. Details: @details","De transactie kan niet worden geannuleerd. Details: @details"
"The transaction could not be captured. Details: @details","De transactie kan niet worden vastgelegd. Details: @details"
"The transaction could not be refunded. Details: @details","De transactie kan niet worden terugbetaald. Details: @details"
"The transaction failed due to a unkown reason.","De transactie is mislukt vanwege een onbekende reden."
"The transaction failed with error code !code.","The transaction failed with error code !code."
"The transaction id is incorrect.","De transactie ID is verkeerd."
"The transaction is cancelled.","De transactie wordt geannuleerd."
"The transaction is only executed in the test system. The goods should not be delivered.","The transaction is only executed in the test system. The goods should not be delivered."
"The transaction was refused, but the cancellation failed","The transaction was refused, but the cancellation failed"
"The whole transaction is cancelled.","De gehele transactie is geannuleerd."
"There has been a problem during the processing of your payment.","There has been a problem during the processing of your payment."
"There has been a problem during the processing of your payment. Please contact the shop owner to make sure your order was placed successfully.","Er is een probleem bij de verwerking van uw betaling. Neem contact op met de winkel eigenaar om ervoor te zorgen dat uw bestelling is succesvol geplaatst."
"There is a problem with your license. Please contact us (www.sellxed.com/support). Reason: %1","There is a problem with your license. Please contact us (www.sellxed.com/support). Reason: %1"
"There is a problem with your license. Please contact us (www.sellxed.com/support). Reason: %s","There is a problem with your license. Please contact us (www.sellxed.com/support). Reason: %s"
"There is already a customer registered using this email address. Please login using this email address or enter a different email address to register your account.","There is already a customer registered using this email address. Please login using this email address or enter a different email address to register your account."
"There seems to be a problem with the Ogone module.","Er lijkt een probleem met de Ogone module zijn."
"There was an error validating the login and password.","There was an error validating the login and password."
"This URL has to be placed in the backend of Ogone under Configuration > Technical Information > Transaction Feedback and their in the field for 'HTTP request for status changes'.","Deze URL heeft in de backend van Ogone onder Configuration > Technical Information > Transaction Feedback geplaatst in het veld voor 'HTTP request for status changes'."
"This URL has to be placed in the backend of Ogone under Configuration > Technical Information > Transaction Feedback and their in the two fields for 'Direct HTTP server-to-server request'.","Deze URL heeft in de backend van Ogone te worden geplaatst onder Configuratie > Technische informatie > Transaction Beoordeling en hun in de twee velden voor 'Direct HTTP server-to-server request'."
"This URL is used by default for handling the dynamic template of Ogone. To use this feature "" . ""you may need activate the feature in your account and you need to add the domain to the Trusted website hostnames. To work properly in all browser you need HTTPS on your server and domain.","Deze URL wordt standaard gebruikt voor de behandeling van de dynamische template van Ogone. Om deze functie te gebruiken moet u mogelijk de functie in uw account te activeren en je moet het domein toe te voegen aan de vertrouwde website hostnames. Goed te laten werken in alle browser u nodig HTTPS op de server en domein."
"This account is not confirmed. <a href=""%s"">Click here</a> to resend confirmation email.","This account is not confirmed. <a href=""%s"">Click here</a> to resend confirmation email."
"This is a brief instruction of the main and most important installation steps, which need to be performed when installing the Ogone module. For detailed instructions regarding additional and optional settings, please refer to the enclosed instructions in the zip.","Dit is een korte instructie van de belangrijkste stappen voor installatie, die moeten worden uitgevoerd bij het installeren van de Ogone module. Voor gedetailleerde instructies over aanvullende en optionele instellingen, verwijzen wij u naar de bijgevoegde instructies in de zip."
"This parameter is sometimes transmitted to the acquirer (depending on the acquirer), in order to be shown on the account statements of the merchant or the customer. The prefix can contain the tag {id}. It will then be replaced by the order number (e.g. name {id}). (Payment Page only)","Deze parameter wordt soms aan de overnemer (afhankelijk van de overnemende partij) overgebracht, om te worden vermeld op de rekeningafschriften van de handelaar of de klant. Het voorvoegsel kan de tag {id} bevatten. Het zal dan worden vervangen door het ordernummer (bijvoorbeeld name_{id}). Dit werkt alleen bij gebruik van de Payment Page."
"This parameter is sometimes transmitted to the acquirer (depending on the acquirer), in order to be shown on the account statements of the merchant or the customer. The prefix can contain the tag {id}. It will then be replaced by the order number (e.g. name_{id}). (Payment Page only)","This parameter is sometimes transmitted to the acquirer (depending on the acquirer), in order to be shown on the account statements of the merchant or the customer. The prefix can contain the tag {id}. It will then be replaced by the order number (e.g. name_{id}). (Payment Page only)"
"This password is used for recurring payments and for the alias manager as well as for the server authorization. This is the password of the Ogone account.","This password is used for recurring payments and for the alias manager as well as for the server authorization. This is the password of the Ogone account."
"This setting can be used to activate resp. deactivate the 3D secure check. Please check with PayBox if you are allowed to deactivate the 3D secure check. This setting has only an effect when you use the payment page.","This setting can be used to activate resp. deactivate the 3D secure check. Please check with PayBox if you are allowed to deactivate the 3D secure check. This setting has only an effect when you use the payment page."
"This status is set, when the payment was successfull and it is authorized.","eze status wordt ingesteld, wanneer de betaling is gelukt en het is toegelaten."
"This transaction is already closed for further captures.","Deze transactie is gesloten en geen verdere gegevens worden gemaakt."
"This transaction is already closed for further refunds.","Deze transactie werd gesloten voor meer credits."
"This transaction no longer exists.","This transaction no longer exists."
"Timeout for pending payments (min)","Time-out voor lopende betalingen (min)"
"Titel","Titel"
"Title","Title"
"Title and Header of the payment page","Title and Header of the payment page"
"Title of the payment method","Naam van de betalingsmethode"
"To generate a SEPA mandate ID this schema can be used to customize it. However the tags '{year}', '{month}', '{day}' and '{random}' must be present in the schema. The {random} tag is filled with a random string of 20 chars.","Dit schema kan worden gebruikt voor het genereren van een SEPA mandaat ID passen. Echter de tags '{year}', '{month}', '{day}' en {random} moet aanwezig zijn in het schema zijn. De {random} tag is gevuld met een willekeurige reeks van 20 tekens."
"Total","Totaal"
"Total Shipping Charges","Totale verzendkosten"
"Track order history","Track order history"
"Transaction","Transaction"
"Transaction Authorized","Geautoriseerde transactie"
"Transaction Cancelled","Transactie geannuleerd"
"Transaction Captured","Transactie opgenomen"
"Transaction History","Transaction History"
"Transaction Id","Transaction Id"
"Transaction Paid","Transactie betaald"
"Transaction Uncertain","Transactie is onzeker"
"Transaction Updates","Transactie updates"
"Transaction cancelled successfully","Transactie met succes geannuleerd"
"Transaction captured successfully","Transactie met succes gevangen"
"Transaction history","Overzicht transactie"
"Transaction was authorized over the deferred authorization mechanism.","Transactie werd toegestaan ​​over de uitgestelde autorisatiemechanisme."
"Transactions","Transactions"
"UATP","UATP"
"URL of the logo you want to display at the top of the payment page. The URL must be absolute. The logo needs to be stored on a secure server. If you do not have a secure environment to store your image, contact your Ogone to store your logo on their server.","URL of the logo you want to display at the top of the payment page. The URL must be absolute. The logo needs to be stored on a secure server. If you do not have a secure environment to store your image, contact your Ogone to store your logo on their server."
"URLs","URL"
"Unable to save the invoice.","Niet in staat om de factuur op te slaan."
"Uncertain Status","Uncertain Status"
"Uncertain transactions","Onzekere transacties"
"Unknown reason","Onbekende reden"
"Update","Update"
"Update Qty's","Hoeveelheden update"
"Update interval for payments","Update Intervall voor betalingen"
"Use Base Currency","Use Base Currency"
"Use Default","Gebruik standaardinstellingen"
"Use base currency","Use base currency"
"Use customweb hosted template","Use customweb hosted template"
"Use own template","Eigen template gebruiken"
"Use shop template","Gebruik Shop Template"
"Use standard template (as selected above)","Use standard template (as selected above)"
"Use static template","Use static template"
"VISA","VISA"
"Validation","Bevestiging"
"Version","Version"
"Vertical list of logos with the name on the left side","Verticale lijst van logo met de naam aan de linkerkant"
"View","View"
"Wait On Success Page","Wait On Success Page"
"Waiting for client payment","Wachten op betaling van de klant"
"We cannot get the transaction instance.","We cannot get the transaction instance."
"We experienced a problem with your sellxed payment extension. For more information, please visit the configuration page of the plugin.","We ervaren een probleem met uw betaling extensie van sellxed. Voor meer informatie kunt u terecht op de configuratie pagina van de plugin."
"When the store is not available (network outage, server failure or any other outage), when the feedback of Ogone is sent, then the transaction state is not updated. Hence no order confirmation e-mail is sent and the order is not in the paid state. By activating the transaction update, such transactions can be authorized later over direct link. To use this feature the update service must be activated and the API username and the API password must be set.","Als de winkel is niet beschikbaar (netwerkstoring, server storing of een andere uitval), wanneer de terugkoppeling van Ogone wordt verzonden, dan is de transactie staat is niet bijgewerkt. Dus geen orderbevestiging e-mail wordt verzonden en de volgorde is niet in de betaalde staat. Door de transactie-update activeert, kunnen dergelijke transacties later worden toegelaten boven de directe link. Om deze functie in de update-service moet worden geactiveerd en de API gebruikersnaam en de API-wachtwoord worden ingesteld gebruiken."
"When using an external checkout, the customer can either be asked to chose an option to authenticate (as guest, register or login) or he can always be checked out as guest. For the second option to work, guest checkout has to be enabled in magento.","When using an external checkout, the customer can either be asked to chose an option to authenticate (as guest, register or login) or he can always be checked out as guest. For the second option to work, guest checkout has to be enabled in magento."
"With the Dynamic Template you can design the layout of the payment page yourself. For the option 'Own template' the URL to the template file must be entered into the following box.","Met de Dynamic sjabloon kunt u het ontwerp van de lay-out van de betaalpagina. Voor de optie 'Eigen template', moet de URL voor het templatebestand worden ingevoerd in het veld hiernaast in."
"With this option you can control which template is used for mobile devices. Per default the template for desktops is used. You can either use a own template (provided through the field below) or the customweb hosted template.","With this option you can control which template is used for mobile devices. Per default the template for desktops is used. You can either use a own template (provided through the field below) or the customweb hosted template."
"Wrong 'BRAND' was specified.","Wrong 'BRAND' werd opgegeven."
"Wrong bank account format.","Verkeerde bankrekening formaat."
"Year","Jaar"
"Yes","Ja"
"Yes, use images for the brand selection.","Yes, use images for the brand selection."
"You accept that your credit card informations are stored securly for future orders.","U aanvaardt dat uw credit card informatie veilig kunnen worden opgeslagen voor toekomstige orders."
"You can allow the customers to manage/delete their aliases in the their account.","You can allow the customers to manage/delete their aliases in the their account."
"You can create an API username in the back-end of Ogone. The API user is necessary for the direct communication between the shop and the service of Ogone.","U kunt een API gebruikersnaam in de backend van Ogone opstellen. De API gebruiker is vereist voor directe communicatie tussen de winkel en de service van Ogone."
"You can decide on the order status new orders should have after they are processed successfully.","Definiër de order status, die met succes werden verwerkt."
"You can decide on the order status new orders should have that have an uncertain authorization status.","Definiër de order status, die een onzekere status hebben."
"You can specify the order status after the payment is received. In order to use this feature the http-request for Status Changes has to be set up as described in the manual.","U kunt de status van de order te geven nadat de betaling is ontvangen. Om deze functie te kunnen gebruiken de 'HTTP request for status changes' is op te zetten, zoals beschreven in de handleiding."
"You can specify the order status for new orders that have an uncertain authorisation status.","U kunt de status van de bestelling voor nieuwe orders die een onzekere status van machtiging te geven."
"You can specify the order status for orders that are captured either directly after the order or manually in the backend.","U kunt de status van de bestelling voor bestellingen die ofwel zijn vastgelegd direct na de bestelling of handmatig in de backend specificeren."
"You can specify the order status for orders that are refused after being in a uncertain state. In order to use this feature you will have to set up the http request for status changes as outlined in the manual.","U kunt de status van de bestelling voor bestellingen die worden geweigerd nadat ze in een onzekere toestand op te geven. Om deze functie te gebruiken moet je het opzetten van de 'HTTP request for status changes' zoals beschreven in de handleiding."
"You can specify the order status for orders that are successful after being in a uncertain state. In order to use this setting, you will need to activate the http-request for status changes as outlined in the manual.","U kunt de status van de bestelling voor bestellingen die succesvol nadat ze in een onzekere toestand zijn te specificeren. Om deze instelling te gebruiken, moet u de HTTP-aanvraag voor de status van veranderingen te activeren, zoals beschreven in de handleiding."
"You can specify the order status when an order is cancelled.","U kunt de status van de bestelling aangeven wanneer een bestelling wordt geannuleerd."
"You created the order.","You created the order."
"You have no stored aliases.","You have no stored aliases."
"You have to enter a CVC code.","Je moet een CVC-code in te voeren."
"You have to enter a card number.","Je moet een kaartnummer in te voeren."
"You have to enter bank code of your bank.","Je moet bankcode van uw bank in te voeren."
"You have to enter commercial number of you company.","Je moet commerciële aantal van jullie bedrijf in te voeren."
"You have to enter either the CVC code or the issue number of your card.","Je moet ofwel de CVC-code of het nummer van afgifte van uw kaart in te voeren."
"You have to enter sales tax number of you company.","Je moet omzetbelasting aantal van jullie bedrijf in te voeren."
"You have to enter sales tax number of your company.","You have to enter sales tax number of your company."
"You have to enter the BIC.","Je moet de BIC in te voeren."
"You have to enter the CVC code from the back of your credti card.","Voer hier het CVC uw kaart in te voeren. U kunt dit vinden op de achterkant van uw creditcard."
"You have to enter the CVC code from your card.","U moet de CVC uw kaart in te voeren."
"You have to enter the IBAN.","Je moet de IBAN in te voeren."
"You have to enter the a card number.","Je moet het een kaartnummer in te voeren."
"You have to enter the account holder name on the card.","Je moet de naam rekeninghouder op de kaart in te voeren."
"You have to enter the account holder name.","Je moet de naam van de rekeninghouder te voeren."
"You have to enter the card holder name on the card.","U moet de kaarthouder in te voeren."
"You have to enter the card holder.","Je moet de kaarthouder in te voeren."
"You have to enter the location of your bank.","Je moet de locatie van uw bank in te voeren."
"You have to enter the month of the card expiry.","Je moet de maand van de kaart vervaldatum in te voeren."
"You have to enter the name of the account owner.","Je moet de rekeninghouder te voeren."
"You have to enter the name of your bank.","Je moet de naam van uw bank in te voeren."
"You have to enter the year of the card expiry.","Je moet het jaar van de kaart vervaldatum in te voeren."
"You have to enter your IBAN Number.","Je moet voer uw IBAN-nummer."
"You have to enter your bank account number.","Je moet het rekeningnummer van uw bankrekening in te voeren."
"You have to enter your social security number.","U moet uw sofi-nummer in te voeren."
"You may choose one of the cards you paid before on this site.","U kunt kiezen uit een eerder gebruikte kaart:"
"You may choose one of your stored payment details.","You may choose one of your stored payment details."
"You must define your gender.","U moet uw geslacht te bepalen."
"You must enter the company registration number.","U moet de registratie van bedrijven in te voeren."
"You must enter the sales tax number.","U moet de omzetbelasting in te voeren."
"You must enter your phone number.","U dient uw telefoonnummer in te voeren."
"You must enter your salutation.","U moet uw aanhef in te voeren."
"You must enter your social security number.","U moet uw sofi-nummer in te voeren."
"You need to define an API password in the module settings.","You need to define an API password in the module settings."
"You need to define an API user id in the module settings.","You need to define an API user id in the module settings."
"You select to use a own mobile template. However you do not specify any template URL for mobile devices.","You select to use a own mobile template. However you do not specify any template URL for mobile devices."
"You will be redirect to the order confirmation page.","U wordt omgeleid naar de pagina orderbevestiging."
"Your browser does not allow the execution of JavaScript. Please activate JavaScript in your browser and reload this page.","Uw browser staat niet toe dat de uitvoering van JavaScript. Gelieve JavaScript te activeren in uw browser en herlaad deze pagina."
"Your card number is invalid.","Uw kaart is ongeldig."
"Your card number is invalid. May be you choose the wrong credit card type.","Uw kaart is ongeldig. Je zou de verkeerde soort creditcard hebben gekozen"
"OgoneCw Aliases","OgoneCw Alias"
"____paymentMethodName____","____paymentMethodName____"
"Ogone Aliases","Ogone Aliases"
"Ogone Error","Fout met Ogone"
"Ogone Parameters","Ogone Parameters"
"Ogone Refund Items","Ogone Refund Items"
"Ogone Section","Ogone Section"
"Ogone Transactions","Ogone Transactions"
"Ogone:","Ogone:"
"Ogone: Alias Management","Ogone: Alias Management"
"customweb ltd","customweb ltd"
"no","no"
"or","or"
"yes","yes"
